VERSION .7
FIELDS x y z rgb
SIZE 4 4 4 4
TYPE F F F F
COUNT 1 1 1 1
WIDTH 3574
HEIGHT 1
VIEWPOINT 0 0 0 1 0 0 0
POINTS 3574
DATA ascii
3910.8028099 3301.79879052 0 8.980993e+06
3910.8028099 3301.79879052 0 8.980993e+06
3910.67929734 3301.45712736 0 8.980993e+06
3910.67929734 3301.45712736 0 8.980993e+06
3910.55621935 3301.11666633 0 8.980993e+06
3910.55621935 3301.11666633 0 8.980993e+06
3910.43343786 3300.77702546 0 8.980993e+06
3910.43343786 3300.77702546 0 8.980993e+06
3910.31108729 3300.43857664 0 8.980993e+06
3910.31108729 3300.43857664 0 8.980993e+06
3870.77553046 3297.54528971 0 8.980993e+06
3870.77553046 3297.54528971 0 8.980993e+06
3870.71263505 3297.21596957 0 8.980993e+06
3870.71263505 3297.21596957 0 8.980993e+06
3870.64995759 3296.88779061 0 8.980993e+06
3870.64995759 3296.88779061 0 8.980993e+06
3870.58742779 3296.56038481 0 8.980993e+06
3870.58742779 3296.56038481 0 8.980993e+06
3870.52511415 3296.23411081 0 8.980993e+06
3870.52511415 3296.23411081 0 8.980993e+06
3832.16292326 3293.44211912 0 8.980993e+06
3832.16292326 3293.44211912 0 8.980993e+06
3832.15647816 3293.12449092 0 8.980993e+06
3832.15647816 3293.12449092 0 8.980993e+06
3832.15005506 3292.8079471 0 8.980993e+06
3832.15005506 3292.8079471 0 8.980993e+06
3832.14364676 3292.49213282 0 8.980993e+06
3832.14364676 3292.49213282 0 8.980993e+06
3832.13726028 3292.17739415 0 8.980993e+06
3832.13726028 3292.17739415 0 8.980993e+06
3794.89129309 3289.48144751 0 8.980993e+06
3794.89129309 3289.48144751 0 8.980993e+06
3794.93745199 3289.17490509 0 8.980993e+06
3794.93745199 3289.17490509 0 8.980993e+06
3794.9834556 3288.86939402 0 8.980993e+06
3794.9834556 3288.86939402 0 8.980993e+06
3795.02935546 3288.56457197 0 8.980993e+06
3795.02935546 3288.56457197 0 8.980993e+06
3795.07510125 3288.26077307 0 8.980993e+06
3795.07510125 3288.26077307 0 8.980993e+06
3758.89197607 3285.65597833 0 8.980993e+06
3758.89197607 3285.65597833 0 8.980993e+06
3758.98718443 3285.35995662 0 8.980993e+06
3758.98718443 3285.35995662 0 8.980993e+06
3759.08207701 3285.06491669 0 8.980993e+06
3759.08207701 3285.06491669 0 8.980993e+06
3759.17676012 3284.77052808 0 8.980993e+06
3759.17676012 3284.77052808 0 8.980993e+06
3759.27112992 3284.4771136 0 8.980993e+06
3759.27112992 3284.4771136 0 8.980993e+06
3724.10091753 3281.95890479 0 8.980993e+06
3724.10091753 3281.95890479 0 8.980993e+06
3724.24188668 3281.67287639 0 8.980993e+06
3724.24188668 3281.67287639 0 8.980993e+06
3724.3823948 3281.38778341 0 8.980993e+06
3724.3823948 3281.38778341 0 8.980993e+06
3724.52259923 3281.10330661 0 8.980993e+06
3724.52259923 3281.10330661 0 8.980993e+06
3724.66234616 3280.81975808 0 8.980993e+06
3724.66234616 3280.81975808 0 8.980993e+06
3690.45829161 3278.3838695 0 8.980993e+06
3690.45829161 3278.3838695 0 8.980993e+06
3690.64197559 3278.1073416 0 8.980993e+06
3690.64197559 3278.1073416 0 8.980993e+06
3690.82506706 3277.83170568 0 8.980993e+06
3690.82506706 3277.83170568 0 8.980993e+06
3691.00777097 3277.55665321 0 8.980993e+06
3691.00777097 3277.55665321 0 8.980993e+06
3691.18988684 3277.28248601 0 8.980993e+06
3691.18988684 3277.28248601 0 8.980993e+06
3657.90815794 3274.92492796 0 8.980993e+06
3657.90815794 3274.92492796 0 8.980993e+06
3658.13173264 3274.65743955 0 8.980993e+06
3658.13173264 3274.65743955 0 8.980993e+06
3658.35459584 3274.39080239 0 8.980993e+06
3658.35459584 3274.39080239 0 8.980993e+06
3658.57699692 3274.12471812 0 8.980993e+06
3658.57699692 3274.12471812 0 8.980993e+06
3658.79869176 3273.8594788 0 8.980993e+06
3658.79869176 3273.8594788 0 8.980993e+06
3626.39815128 3271.57651556 0 8.980993e+06
3626.39815128 3271.57651556 0 8.980993e+06
3626.65899565 3271.31763492 0 8.980993e+06
3626.65899565 3271.31763492 0 8.980993e+06
3626.91902083 3271.0595673 0 8.980993e+06
3626.91902083 3271.0595673 0 8.980993e+06
3627.17851772 3270.80202399 0 8.980993e+06
3627.17851772 3270.80202399 0 8.980993e+06
3627.43720139 3270.54528779 0 8.980993e+06
3627.43720139 3270.54528779 0 8.980993e+06
3595.87920035 3268.33341774 0 8.980993e+06
3595.87920035 3268.33341774 0 8.980993e+06
3596.17487944 3268.08274014 0 8.980993e+06
3596.17487944 3268.08274014 0 8.980993e+06
3596.46964194 3267.83283963 0 8.980993e+06
3596.46964194 3267.83283963 0 8.980993e+06
3596.76381751 3267.58343671 0 8.980993e+06
3596.76381751 3267.58343671 0 8.980993e+06
3597.05708305 3267.33480532 0 8.980993e+06
3597.05708305 3267.33480532 0 8.980993e+06
3566.3052729 3265.1907429 0 8.980993e+06
3566.3052729 3265.1907429 0 8.980993e+06
3566.63352252 3264.94788852 0 8.980993e+06
3566.63352252 3264.94788852 0 8.980993e+06
3566.96076749 3264.70577743 0 8.980993e+06
3566.96076749 3264.70577743 0 8.980993e+06
3567.2873737 3264.46413892 0 8.980993e+06
3567.2873737 3264.46413892 0 8.980993e+06
3567.61298233 3264.22323846 0 8.980993e+06
3567.61298233 3264.22323846 0 8.980993e+06
3537.63314398 3262.14389772 0 8.980993e+06
3537.63314398 3262.14389772 0 8.980993e+06
3537.99185684 3261.90850978 0 8.980993e+06
3537.99185684 3261.90850978 0 8.980993e+06
3538.34948549 3261.67383331 0 8.980993e+06
3538.34948549 3261.67383331 0 8.980993e+06
3538.70642969 3261.43960597 0 8.980993e+06
3538.70642969 3261.43960597 0 8.980993e+06
3539.06229718 3261.20608517 0 8.980993e+06
3539.06229718 3261.20608517 0 8.980993e+06
3509.8221852 3259.18856482 0 8.980993e+06
3509.8221852 3259.18856482 0 8.980993e+06
3510.20939833 3258.96030786 0 8.980993e+06
3510.20939833 3258.96030786 0 8.980993e+06
3510.59545542 3258.73273237 0 8.980993e+06
3510.59545542 3258.73273237 0 8.980993e+06
3510.98078791 3258.50558402 0 8.980993e+06
3510.98078791 3258.50558402 0 8.980993e+06
3511.36497225 3258.27911249 0 8.980993e+06
3511.36497225 3258.27911249 0 8.980993e+06
3482.83417258 3256.32068234 0 8.980993e+06
3482.83417258 3256.32068234 0 8.980993e+06
3483.24805591 3256.09924064 0 8.980993e+06
3483.24805591 3256.09924064 0 8.980993e+06
3483.66071843 3255.87845211 0 8.980993e+06
3483.66071843 3255.87845211 0 8.980993e+06
3484.0726212 3255.65807007 0 8.980993e+06
3484.0726212 3255.65807007 0 8.980993e+06
3484.48331137 3255.43833682 0 8.980993e+06
3484.48331137 3255.43833682 0 8.980993e+06
3456.63311134 3253.53642529 0 8.980993e+06
3456.63311134 3253.53642529 0 8.980993e+06
3457.07195732 3253.32150144 0 8.980993e+06
3457.07195732 3253.32150144 0 8.980993e+06
3457.50952416 3253.10720405 0 8.980993e+06
3457.50952416 3253.10720405 0 8.980993e+06
3457.94630062 3252.89329374 0 8.980993e+06
3457.94630062 3252.89329374 0 8.980993e+06
3458.3818064 3252.68000575 0 8.980993e+06
3458.3818064 3252.68000575 0 8.980993e+06
3431.18507569 3250.83218853 0 8.980993e+06
3431.18507569 3250.83218853 0 8.980993e+06
3431.64728985 3250.62350214 0 8.980993e+06
3431.64728985 3250.62350214 0 8.980993e+06
3432.1081724 3250.41541697 0 8.980993e+06
3432.1081724 3250.41541697 0 8.980993e+06
3432.56823804 3250.20770063 0 8.980993e+06
3432.56823804 3250.20770063 0 8.980993e+06
3433.02698075 3250.00058158 0 8.980993e+06
3433.02698075 3250.00058158 0 8.980993e+06
3406.45806227 3248.20457124 0 8.980993e+06
3406.45806227 3248.20457124 0 8.980993e+06
3406.94215462 3248.00185773 0 8.980993e+06
3406.94215462 3248.00185773 0 8.980993e+06
3407.42486824 3247.79972157 0 8.980993e+06
3407.42486824 3247.79972157 0 8.980993e+06
3407.90674212 3247.59793704 0 8.980993e+06
3407.90674212 3247.59793704 0 8.980993e+06
3408.38724613 3247.39672615 0 8.980993e+06
3408.38724613 3247.39672615 0 8.980993e+06
3382.42185592 3245.6503626 0 8.980993e+06
3382.42185592 3245.6503626 0 8.980993e+06
3382.92643306 3245.4533721 0 8.980993e+06
3382.92643306 3245.4533721 0 8.980993e+06
3383.42958927 3245.25693635 0 8.980993e+06
3383.42958927 3245.25693635 0 8.980993e+06
3383.93188625 3245.06083605 0 8.980993e+06
3383.93188625 3245.06083605 0 8.980993e+06
3384.43277127 3244.86528698 0 8.980993e+06
3384.43277127 3244.86528698 0 8.980993e+06
3359.04790647 3243.16652872 0 8.980993e+06
3359.04790647 3243.16652872 0 8.980993e+06
3359.57166446 3242.97502507 0 8.980993e+06
3359.57166446 3242.97502507 0 8.980993e+06
3360.09396377 3242.78405476 0 8.980993e+06
3360.09396377 3242.78405476 0 8.980993e+06
3360.61538739 3242.59340463 0 8.980993e+06
3360.61538739 3242.59340463 0 8.980993e+06
3361.13536142 3242.40328452 0 8.980993e+06
3361.13536142 3242.40328452 0 8.980993e+06
3336.30921564 3240.75020062 0 8.980993e+06
3336.30921564 3240.75020062 0 8.980993e+06
3336.85093337 3240.56396044 0 8.980993e+06
3336.85093337 3240.56396044 0 8.980993e+06
3337.39115881 3240.3782333 0 8.980993e+06
3337.39115881 3240.3782333 0 8.980993e+06
3337.9304948 3240.19281195 0 8.980993e+06
3337.9304948 3240.19281195 0 8.980993e+06
3338.46834767 3240.00790049 0 8.980993e+06
3338.46834767 3240.00790049 0 8.980993e+06
3314.18023299 3238.3986632 0 8.980993e+06
3314.18023299 3238.3986632 0 8.980993e+06
3314.73876623 3238.21747503 0 8.980993e+06
3314.73876623 3238.21747503 0 8.980993e+06
3315.29577729 3238.03678065 0 8.980993e+06
3315.29577729 3238.03678065 0 8.980993e+06
3315.85188766 3237.85637846 0 8.980993e+06
3315.85188766 3237.85637846 0 8.980993e+06
3316.40648507 3237.67646707 0 8.980993e+06
3316.40648507 3237.67646707 0 8.980993e+06
3314.16281501 3231.26000375 0 8.980993e+06
3314.16281501 3231.26000375 0 8.980993e+06
3314.7213618 3231.08658219 0 8.980993e+06
3314.7213618 3231.08658219 0 8.980993e+06
3315.27838638 3230.91363324 0 8.980993e+06
3315.27838638 3230.91363324 0 8.980993e+06
3315.83451026 3230.74096395 0 8.980993e+06
3315.83451026 3230.74096395 0 8.980993e+06
3316.38912116 3230.56876442 0 8.980993e+06
3316.38912116 3230.56876442 0 8.980993e+06
3314.14467208 3224.12141555 0 8.980993e+06
3314.14467208 3224.12141555 0 8.980993e+06
3314.70323295 3223.95576042 0 8.980993e+06
3314.70323295 3223.95576042 0 8.980993e+06
3315.2602716 3223.79055676 0 8.980993e+06
3315.2602716 3223.79055676 0 8.980993e+06
3315.81640953 3223.62562022 0 8.980993e+06
3315.81640953 3223.62562022 0 8.980993e+06
3316.37103445 3223.4611324 0 8.980993e+06
3316.37103445 3223.4611324 0 8.980993e+06
3314.12725479 3216.98303553 0 8.980993e+06
3314.12725479 3216.98303553 0 8.980993e+06
3314.68582921 3216.8251464 0 8.980993e+06
3314.68582921 3216.8251464 0 8.980993e+06
3315.24288138 3216.66768756 0 8.980993e+06
3315.24288138 3216.66768756 0 8.980993e+06
3315.79903282 3216.51048332 0 8.980993e+06
3315.79903282 3216.51048332 0 8.980993e+06
3316.35367123 3216.35370676 0 8.980993e+06
3316.35367123 3216.35370676 0 8.980993e+06
3314.10983784 3209.84479364 0 8.980993e+06
3314.10983784 3209.84479364 0 8.980993e+06
3314.6684258 3209.6946702 0 8.980993e+06
3314.6684258 3209.6946702 0 8.980993e+06
3315.22549149 3209.54495589 0 8.980993e+06
3315.22549149 3209.54495589 0 8.980993e+06
3315.78165644 3209.39548365 0 8.980993e+06
3315.78165644 3209.39548365 0 8.980993e+06
3316.33630834 3209.24641805 0 8.980993e+06
3316.33630834 3209.24641805 0 8.980993e+06
3314.09242122 3202.70668986 0 8.980993e+06
3314.09242122 3202.70668986 0 8.980993e+06
3314.65102273 3202.56433182 0 8.980993e+06
3314.65102273 3202.56433182 0 8.980993e+06
3315.20810194 3202.42236173 0 8.980993e+06
3315.20810194 3202.42236173 0 8.980993e+06
3315.7642804 3202.28062119 0 8.980993e+06
3315.7642804 3202.28062119 0 8.980993e+06
3316.31894579 3202.13926626 0 8.980993e+06
3316.31894579 3202.13926626 0 8.980993e+06
3314.07427971 3195.56867002 0 8.980993e+06
3314.07427971 3195.56867002 0 8.980993e+06
3314.63289531 3195.43407719 0 8.980993e+06
3314.63289531 3195.43407719 0 8.980993e+06
3315.18998858 3195.29985115 0 8.980993e+06
3315.18998858 3195.29985115 0 8.980993e+06
3315.74618109 3195.16584214 0 8.980993e+06
3315.74618109 3195.16584214 0 8.980993e+06
3316.30086049 3195.03219769 0 8.980993e+06
3316.30086049 3195.03219769 0 8.980993e+06
3314.05686379 3188.43084564 0 8.980993e+06
3314.05686379 3188.43084564 0 8.980993e+06
3314.61549293 3188.30401759 0 8.980993e+06
3314.61549293 3188.30401759 0 8.980993e+06
3315.17259971 3188.17753517 0 8.980993e+06
3315.17259971 3188.17753517 0 8.980993e+06
3315.72880573 3188.05125726 0 8.980993e+06
3315.72880573 3188.05125726 0 8.980993e+06
3316.28349862 3187.92532288 0 8.980993e+06
3316.28349862 3187.92532288 0 8.980993e+06
3314.0394482 3181.29315936 0 8.980993e+06
3314.0394482 3181.29315936 0 8.980993e+06
3314.59809088 3181.1740958 0 8.980993e+06
3314.59809088 3181.1740958 0 8.980993e+06
3315.15521118 3181.05535671 0 8.980993e+06
3315.15521118 3181.05535671 0 8.980993e+06
3315.71143071 3180.93680959 0 8.980993e+06
3315.71143071 3180.93680959 0 8.980993e+06
3316.26613708 3180.81858498 0 8.980993e+06
3316.26613708 3180.81858498 0 8.980993e+06
3314.02203294 3174.15561118 0 8.980993e+06
3314.02203294 3174.15561118 0 8.980993e+06
3314.58068917 3174.04431181 0 8.980993e+06
3314.58068917 3174.04431181 0 8.980993e+06
3315.13782299 3173.93331574 0 8.980993e+06
3315.13782299 3173.93331574 0 8.980993e+06
3315.69405603 3173.82249913 0 8.980993e+06
3315.69405603 3173.82249913 0 8.980993e+06
3316.24877588 3173.71198398 0 8.980993e+06
3316.24877588 3173.71198398 0 8.980993e+06
3314.00389285 3167.01815964 0 8.980993e+06
3314.00389285 3167.01815964 0 8.980993e+06
3314.56256316 3166.91462424 0 8.980993e+06
3314.56256316 3166.91462424 0 8.980993e+06
3315.11971104 3166.81137099 0 8.980993e+06
3315.11971104 3166.81137099 0 8.980993e+06
3315.67595812 3166.70828468 0 8.980993e+06
3315.67595812 3166.70828468 0 8.980993e+06
3316.230692 3166.6054788 0 8.980993e+06
3316.230692 3166.6054788 0 8.980993e+06
3313.98647829 3159.88089083 0 8.980993e+06
3313.98647829 3159.88089083 0 8.980993e+06
3314.54516214 3159.78511901 0 8.980993e+06
3314.54516214 3159.78511901 0 8.980993e+06
3315.10232354 3159.68960817 0 8.980993e+06
3315.10232354 3159.68960817 0 8.980993e+06
3315.65858412 3159.59425176 0 8.980993e+06
3315.65858412 3159.59425176 0 8.980993e+06
3316.21333148 3159.49915475 0 8.980993e+06
3316.21333148 3159.49915475 0 8.980993e+06
3313.96906406 3152.7437601 0 8.980993e+06
3313.96906406 3152.7437601 0 8.980993e+06
3314.52776145 3152.65575156 0 8.980993e+06
3314.52776145 3152.65575156 0 8.980993e+06
3315.08493637 3152.56798285 0 8.980993e+06
3315.08493637 3152.56798285 0 8.980993e+06
3315.64121046 3152.48035603 0 8.980993e+06
3315.64121046 3152.48035603 0 8.980993e+06
3316.1959713 3152.39296759 0 8.980993e+06
3316.1959713 3152.39296759 0 8.980993e+06
3313.95165017 3145.60676746 0 8.980993e+06
3313.95165017 3145.60676746 0 8.980993e+06
3314.5103611 3145.5265219 0 8.980993e+06
3314.5103611 3145.5265219 0 8.980993e+06
3315.06754953 3145.446495 0 8.980993e+06
3315.06754953 3145.446495 0 8.980993e+06
3315.62383713 3145.36659749 0 8.980993e+06
3315.62383713 3145.36659749 0 8.980993e+06
3316.17861145 3145.28691732 0 8.980993e+06
3316.17861145 3145.28691732 0 8.980993e+06
3313.93351151 3138.46988416 0 8.980993e+06
3313.93351151 3138.46988416 0 8.980993e+06
3314.49223652 3138.39740133 0 8.980993e+06
3314.49223652 3138.39740133 0 8.980993e+06
3315.049439 3138.32511602 0 8.980993e+06
3315.049439 3138.32511602 0 8.980993e+06
3315.60574064 3138.25294758 0 8.980993e+06
3315.60574064 3138.25294758 0 8.980993e+06
3316.16052897 3138.18097546 0 8.980993e+06
3316.16052897 3138.18097546 0 8.980993e+06
3313.9160983 3131.33317085 0 8.980993e+06
3313.9160983 3131.33317085 0 8.980993e+06
3314.47483686 3131.26845039 0 8.980993e+06
3314.47483686 3131.26845039 0 8.980993e+06
3315.03205285 3131.2039063 0 8.980993e+06
3315.03205285 3131.2039063 0 8.980993e+06
3315.588368 3131.13946656 0 8.980993e+06
3315.588368 3131.13946656 0 8.980993e+06
3316.14316981 3131.0752021 0 8.980993e+06
3316.14316981 3131.0752021 0 8.980993e+06
3313.89868544 3124.19659561 0 8.980993e+06
3313.89868544 3124.19659561 0 8.980993e+06
3314.45743753 3124.13963722 0 8.980993e+06
3314.45743753 3124.13963722 0 8.980993e+06
3315.01466704 3124.08283405 0 8.980993e+06
3315.01466704 3124.08283405 0 8.980993e+06
3315.57099569 3124.0261227 0 8.980993e+06
3315.57099569 3124.0261227 0 8.980993e+06
3316.12581098 3123.96956563 0 8.980993e+06
3316.12581098 3123.96956563 0 8.980993e+06
3313.88054784 3117.06013923 0 8.980993e+06
3313.88054784 3117.06013923 0 8.980993e+06
3314.43931401 3117.01094266 0 8.980993e+06
3314.43931401 3117.01094266 0 8.980993e+06
3314.99655757 3116.96188014 0 8.980993e+06
3314.99655757 3116.96188014 0 8.980993e+06
3315.55290026 3116.91289695 0 8.980993e+06
3315.55290026 3116.91289695 0 8.980993e+06
3316.10772957 3116.86404699 0 8.980993e+06
3316.10772957 3116.86404699 0 8.980993e+06
3313.86313567 3109.9238433 0 8.980993e+06
3313.86313567 3109.9238433 0 8.980993e+06
3314.42191537 3109.88240819 0 8.980993e+06
3314.42191537 3109.88240819 0 8.980993e+06
3314.97917244 3109.84108599 0 8.980993e+06
3314.97917244 3109.84108599 0 8.980993e+06
3315.53552864 3109.79983059 0 8.980993e+06
3315.53552864 3109.79983059 0 8.980993e+06
3316.09037142 3109.75868741 0 8.980993e+06
3316.09037142 3109.75868741 0 8.980993e+06
3313.84572383 3102.78768543 0 8.980993e+06
3313.84572383 3102.78768543 0 8.980993e+06
3314.40451707 3102.75401148 0 8.980993e+06
3314.40451707 3102.75401148 0 8.980993e+06
3314.96178765 3102.72042929 0 8.980993e+06
3314.96178765 3102.72042929 0 8.980993e+06
3315.51815735 3102.68690139 0 8.980993e+06
3315.51815735 3102.68690139 0 8.980993e+06
3316.0730136 3102.65346469 0 8.980993e+06
3316.0730136 3102.65346469 0 8.980993e+06
3313.82831233 3095.65166561 0 8.980993e+06
3313.82831233 3095.65166561 0 8.980993e+06
3314.3871191 3095.62575253 0 8.980993e+06
3314.3871191 3095.62575253 0 8.980993e+06
3314.9444032 3095.59991005 0 8.980993e+06
3314.9444032 3095.59991005 0 8.980993e+06
3315.50078639 3095.57410935 0 8.980993e+06
3315.50078639 3095.57410935 0 8.980993e+06
3316.05565612 3095.54837883 0 8.980993e+06
3316.05565612 3095.54837883 0 8.980993e+06
3313.81017615 3088.51577735 0 8.980993e+06
3313.81017615 3088.51577735 0 8.980993e+06
3314.368997 3088.49762485 0 8.980993e+06
3314.368997 3088.49762485 0 8.980993e+06
3314.92629515 3088.4795218 0 8.980993e+06
3314.92629515 3088.4795218 0 8.980993e+06
3315.48269238 3088.46144802 0 8.980993e+06
3315.48269238 3088.46144802 0 8.980993e+06
3316.03757613 3088.4434234 0 8.980993e+06
3316.03757613 3088.4434234 0 8.980993e+06
3313.79276534 3081.38003681 0 8.980993e+06
3313.79276534 3081.38003681 0 8.980993e+06
3314.35159972 3081.36964456 0 8.980993e+06
3314.35159972 3081.36964456 0 8.980993e+06
3314.90891138 3081.35928062 0 8.980993e+06
3314.90891138 3081.35928062 0 8.980993e+06
3315.46532211 3081.34893344 0 8.980993e+06
3315.46532211 3081.34893344 0 8.980993e+06
3316.02021933 3081.3386144 0 8.980993e+06
3316.02021933 3081.3386144 0 8.980993e+06
3313.77535486 3074.24443431 0 8.980993e+06
3313.77535486 3074.24443431 0 8.980993e+06
3314.33420278 3074.24180201 0 8.980993e+06
3314.33420278 3074.24180201 0 8.980993e+06
3314.89152794 3074.23917689 0 8.980993e+06
3314.89152794 3074.23917689 0 8.980993e+06
3315.44795217 3074.236556 0 8.980993e+06
3315.44795217 3074.236556 0 8.980993e+06
3316.00286287 3074.23394225 0 8.980993e+06
3316.00286287 3074.23394225 0 8.980993e+06
3313.75794472 3067.10896985 0 8.980993e+06
3313.75794472 3067.10896985 0 8.980993e+06
3314.31680617 3067.11409721 0 8.980993e+06
3314.31680617 3067.11409721 0 8.980993e+06
3314.87414484 3067.11921059 0 8.980993e+06
3314.87414484 3067.11921059 0 8.980993e+06
3315.43058257 3067.12431571 0 8.980993e+06
3315.43058257 3067.12431571 0 8.980993e+06
3315.98550674 3067.12940695 0 8.980993e+06
3315.98550674 3067.12940695 0 8.980993e+06
3313.73981083 3059.97441697 0 8.980993e+06
3313.73981083 3059.97441697 0 8.980993e+06
3314.29868635 3059.98730283 0 8.980993e+06
3314.29868635 3059.98730283 0 8.980993e+06
3314.85603907 3060.00015358 0 8.980993e+06
3314.85603907 3060.00015358 0 8.980993e+06
3315.41249083 3060.01298356 0 8.980993e+06
3315.41249083 3060.01298356 0 8.980993e+06
3315.96742901 3060.02577865 0 8.980993e+06
3315.96742901 3060.02577865 0 8.980993e+06
3313.72240137 3052.83923174 0 8.980993e+06
3313.72240137 3052.83923174 0 8.980993e+06
3314.28129043 3052.85987665 0 8.980993e+06
3314.28129043 3052.85987665 0 8.980993e+06
3314.83865666 3052.88046531 0 8.980993e+06
3314.83865666 3052.88046531 0 8.980993e+06
3315.39512192 3052.90102069 0 8.980993e+06
3315.39512192 3052.90102069 0 8.980993e+06
3315.95007356 3052.92152016 0 8.980993e+06
3315.95007356 3052.92152016 0 8.980993e+06
3313.70499226 3045.70418454 0 8.980993e+06
3313.70499226 3045.70418454 0 8.980993e+06
3314.26389485 3045.7325882 0 8.980993e+06
3314.26389485 3045.7325882 0 8.980993e+06
3314.82127458 3045.76091446 0 8.980993e+06
3314.82127458 3045.76091446 0 8.980993e+06
3315.37775334 3045.78919494 0 8.980993e+06
3315.37775334 3045.78919494 0 8.980993e+06
3315.93271845 3045.8173985 0 8.980993e+06
3315.93271845 3045.8173985 0 8.980993e+06
3313.68758348 3038.56927536 0 8.980993e+06
3313.68758348 3038.56927536 0 8.980993e+06
3314.2464996 3038.60543746 0 8.980993e+06
3314.2464996 3038.60543746 0 8.980993e+06
3314.80389284 3038.64150104 0 8.980993e+06
3314.80389284 3038.64150104 0 8.980993e+06
3315.36038509 3038.67750632 0 8.980993e+06
3315.36038509 3038.67750632 0 8.980993e+06
3315.91536368 3038.71341367 0 8.980993e+06
3315.91536368 3038.71341367 0 8.980993e+06
3313.66945015 3031.43452312 0 8.980993e+06
3313.66945015 3031.43452312 0 8.980993e+06
3314.22838034 3031.47844334 0 8.980993e+06
3314.22838034 3031.47844334 0 8.980993e+06
3314.78578762 3031.52224388 0 8.980993e+06
3314.78578762 3031.52224388 0 8.980993e+06
3315.34229391 3031.56597363 0 8.980993e+06
3315.34229391 3031.56597363 0 8.980993e+06
3315.8972865 3031.60958444 0 8.980993e+06
3315.8972865 3031.60958444 0 8.980993e+06
3313.65204206 3024.29989315 0 8.980993e+06
3313.65204206 3024.29989315 0 8.980993e+06
3314.21098578 3024.35157121 0 8.980993e+06
3314.21098578 3024.35157121 0 8.980993e+06
3314.76840656 3024.40310846 0 8.980993e+06
3314.76840656 3024.40310846 0 8.980993e+06
3315.32492634 3024.45456241 0 8.980993e+06
3315.32492634 3024.45456241 0 8.980993e+06
3315.87993241 3024.5058764 0 8.980993e+06
3315.87993241 3024.5058764 0 8.980993e+06
3313.6346343 3017.16540119 0 8.980993e+06
3313.6346343 3017.16540119 0 8.980993e+06
3314.19359155 3017.22483679 0 8.980993e+06
3314.19359155 3017.22483679 0 8.980993e+06
3314.75102584 3017.28411045 0 8.980993e+06
3314.75102584 3017.28411045 0 8.980993e+06
3315.30755912 3017.3432883 0 8.980993e+06
3315.30755912 3017.3432883 0 8.980993e+06
3315.86257865 3017.40230518 0 8.980993e+06
3315.86257865 3017.40230518 0 8.980993e+06
3313.61722689 3010.03104724 0 8.980993e+06
3313.61722689 3010.03104724 0 8.980993e+06
3314.17619766 3010.09824008 0 8.980993e+06
3314.17619766 3010.09824008 0 8.980993e+06
3314.73364546 3010.16524984 0 8.980993e+06
3314.73364546 3010.16524984 0 8.980993e+06
3315.29019222 3010.23215129 0 8.980993e+06
3315.29019222 3010.23215129 0 8.980993e+06
3315.84522523 3010.29887078 0 8.980993e+06
3315.84522523 3010.29887078 0 8.980993e+06
3313.59909498 3002.89686292 0 8.980993e+06
3313.59909498 3002.89686292 0 8.980993e+06
3314.15807982 3002.97181263 0 8.980993e+06
3314.15807982 3002.97181263 0 8.980993e+06
3314.71554166 3003.04655814 0 8.980993e+06
3314.71554166 3003.04655814 0 8.980993e+06
3315.27210245 3003.12118283 0 8.980993e+06
3315.27210245 3003.12118283 0 8.980993e+06
3315.82714946 3003.19560455 0 8.980993e+06
3315.82714946 3003.19560455 0 8.980993e+06
3313.58168825 2995.76278814 0 8.980993e+06
3313.58168825 2995.76278814 0 8.980993e+06
3314.14068662 2995.84549449 0 8.980993e+06
3314.14068662 2995.84549449 0 8.980993e+06
3314.69816196 2995.9279755 0 8.980993e+06
3314.69816196 2995.9279755 0 8.980993e+06
3315.25473625 2996.01032319 0 8.980993e+06
3315.25473625 2996.01032319 0 8.980993e+06
3315.80979672 2996.09244691 0 8.980993e+06
3315.80979672 2996.09244691 0 8.980993e+06
3313.56428186 2988.62885136 0 8.980993e+06
3313.56428186 2988.62885136 0 8.980993e+06
3314.12329376 2988.71931404 0 8.980993e+06
3314.12329376 2988.71931404 0 8.980993e+06
3314.68078259 2988.80953025 0 8.980993e+06
3314.68078259 2988.80953025 0 8.980993e+06
3315.23737037 2988.89960065 0 8.980993e+06
3315.23737037 2988.89960065 0 8.980993e+06
3315.79244431 2988.98942607 0 8.980993e+06
3315.79244431 2988.98942607 0 8.980993e+06
3313.54615102 2981.49509373 0 8.980993e+06
3313.54615102 2981.49509373 0 8.980993e+06
3314.10517698 2981.59331236 0 8.980993e+06
3314.10517698 2981.59331236 0 8.980993e+06
3314.66267986 2981.69126338 0 8.980993e+06
3314.66267986 2981.69126338 0 8.980993e+06
3315.21928167 2981.7890561 0 8.980993e+06
3315.21928167 2981.7890561 0 8.980993e+06
3315.77436961 2981.88658283 0 8.980993e+06
3315.77436961 2981.88658283 0 8.980993e+06
3313.52874531 2974.3614361 0 8.980993e+06
3313.52874531 2974.3614361 0 8.980993e+06
3314.0877848 2974.46741046 0 8.980993e+06
3314.0877848 2974.46741046 0 8.980993e+06
3314.64530118 2974.57309608 0 8.980993e+06
3314.64530118 2974.57309608 0 8.980993e+06
3315.20191648 2974.67861089 0 8.980993e+06
3315.20191648 2974.67861089 0 8.980993e+06
3315.75701789 2974.78383873 0 8.980993e+06
3315.75701789 2974.78383873 0 8.980993e+06
3313.51133995 2967.22791645 0 8.980993e+06
3313.51133995 2967.22791645 0 8.980993e+06
3314.07039296 2967.34164623 0 8.980993e+06
3314.07039296 2967.34164623 0 8.980993e+06
3314.62792283 2967.45506616 0 8.980993e+06
3314.62792283 2967.45506616 0 8.980993e+06
3315.18455162 2967.56830278 0 8.980993e+06
3315.18455162 2967.56830278 0 8.980993e+06
3315.7396665 2967.68123141 0 8.980993e+06
3315.7396665 2967.68123141 0 8.980993e+06
3313.49393491 2960.09453478 0 8.980993e+06
3313.49393491 2960.09453478 0 8.980993e+06
3314.05300145 2960.21601969 0 8.980993e+06
3314.05300145 2960.21601969 0 8.980993e+06
3314.61054483 2960.33717362 0 8.980993e+06
3314.61054483 2960.33717362 0 8.980993e+06
3315.1671871 2960.45813174 0 8.980993e+06
3315.1671871 2960.45813174 0 8.980993e+06
3315.72231544 2960.57876088 0 8.980993e+06
3315.72231544 2960.57876088 0 8.980993e+06
3313.4758055 2952.96134495 0 8.980993e+06
3313.4758055 2952.96134495 0 8.980993e+06
3314.0348861 2953.09058457 0 8.980993e+06
3314.0348861 2953.09058457 0 8.980993e+06
3314.59244351 2953.21947209 0 8.980993e+06
3314.59244351 2953.21947209 0 8.980993e+06
3315.14909981 2953.3481513 0 8.980993e+06
3315.14909981 2953.3481513 0 8.980993e+06
3315.70424215 2953.47648053 0 8.980993e+06
3315.70424215 2953.47648053 0 8.980993e+06
3313.45840115 2945.8282424 0 8.980993e+06
3313.45840115 2945.8282424 0 8.980993e+06
3314.01749528 2945.96523654 0 8.980993e+06
3314.01749528 2945.96523654 0 8.980993e+06
3314.57506618 2946.10185746 0 8.980993e+06
3314.57506618 2946.10185746 0 8.980993e+06
3315.13173598 2946.23825757 0 8.980993e+06
3315.13173598 2946.23825757 0 8.980993e+06
3315.68689177 2946.37428671 0 8.980993e+06
3315.68689177 2946.37428671 0 8.980993e+06
3313.44099715 2938.69527782 0 8.980993e+06
3313.44099715 2938.69527782 0 8.980993e+06
3314.00010479 2938.84002618 0 8.980993e+06
3314.00010479 2938.84002618 0 8.980993e+06
3314.5576892 2938.98438019 0 8.980993e+06
3314.5576892 2938.98438019 0 8.980993e+06
3315.11437248 2939.12850091 0 8.980993e+06
3315.11437248 2939.12850091 0 8.980993e+06
3315.66954174 2939.27222966 0 8.980993e+06
3315.66954174 2939.27222966 0 8.980993e+06
3313.42359348 2931.56245119 0 8.980993e+06
3313.42359348 2931.56245119 0 8.980993e+06
3313.98271464 2931.71495348 0 8.980993e+06
3313.98271464 2931.71495348 0 8.980993e+06
3314.54031255 2931.86704029 0 8.980993e+06
3314.54031255 2931.86704029 0 8.980993e+06
3315.09700931 2932.01888131 0 8.980993e+06
3315.09700931 2932.01888131 0 8.980993e+06
3315.65219203 2932.17030938 0 8.980993e+06
3315.65219203 2932.17030938 0 8.980993e+06
3313.40546548 2924.42982909 0 8.980993e+06
3313.40546548 2924.42982909 0 8.980993e+06
3313.96460071 2924.59008486 0 8.980993e+06
3313.96460071 2924.59008486 0 8.980993e+06
3314.52221264 2924.74990403 0 8.980993e+06
3314.52221264 2924.74990403 0 8.980993e+06
3315.07892343 2924.90946492 0 8.980993e+06
3315.07892343 2924.90946492 0 8.980993e+06
3315.63412015 2925.06859185 0 8.980993e+06
3315.63412015 2925.06859185 0 8.980993e+06
3313.3880625 2917.29728156 0 8.980993e+06
3313.3880625 2917.29728156 0 8.980993e+06
3313.94721125 2917.46529064 0 8.980993e+06
3313.94721125 2917.46529064 0 8.980993e+06
3314.50483668 2917.632842 0 8.980993e+06
3314.50483668 2917.632842 0 8.980993e+06
3315.06156095 2917.8001226 0 8.980993e+06
3315.06156095 2917.8001226 0 8.980993e+06
3315.61677113 2917.96694824 0 8.980993e+06
3315.61677113 2917.96694824 0 8.980993e+06
3313.37065985 2910.16487197 0 8.980993e+06
3313.37065985 2910.16487197 0 8.980993e+06
3313.92982212 2910.34063407 0 8.980993e+06
3313.92982212 2910.34063407 0 8.980993e+06
3314.48746104 2910.51591733 0 8.980993e+06
3314.48746104 2910.51591733 0 8.980993e+06
3315.0441988 2910.69091733 0 8.980993e+06
3315.0441988 2910.69091733 0 8.980993e+06
3315.59942244 2910.86544139 0 8.980993e+06
3315.59942244 2910.86544139 0 8.980993e+06
3313.35325755 2903.03260033 0 8.980993e+06
3313.35325755 2903.03260033 0 8.980993e+06
3313.91243333 2903.21611514 0 8.980993e+06
3313.91243333 2903.21611514 0 8.980993e+06
3314.47008575 2903.39913 0 8.980993e+06
3314.47008575 2903.39913 0 8.980993e+06
3315.02683699 2903.58184911 0 8.980993e+06
3315.02683699 2903.58184911 0 8.980993e+06
3315.58207409 2903.76407129 0 8.980993e+06
3315.58207409 2903.76407129 0 8.980993e+06
3313.33513097 2895.9005459 0 8.980993e+06
3313.33513097 2895.9005459 0 8.980993e+06
3313.89432081 2896.09181295 0 8.980993e+06
3313.89432081 2896.09181295 0 8.980993e+06
3314.45198726 2896.28255894 0 8.980993e+06
3314.45198726 2896.28255894 0 8.980993e+06
3315.00875252 2896.47299669 0 8.980993e+06
3315.00875252 2896.47299669 0 8.980993e+06
3315.56400361 2896.66291652 0 8.980993e+06
3315.56400361 2896.66291652 0 8.980993e+06
3313.31772935 2888.76855331 0 8.980993e+06
3313.31772935 2888.76855331 0 8.980993e+06
3313.87693271 2888.96757248 0 8.980993e+06
3313.87693271 2888.96757248 0 8.980993e+06
3314.43461265 2889.16604946 0 8.980993e+06
3314.43461265 2889.16604946 0 8.980993e+06
3314.99139139 2889.36420571 0 8.980993e+06
3314.99139139 2889.36420571 0 8.980993e+06
3315.54665594 2889.56182306 0 8.980993e+06
3315.54665594 2889.56182306 0 8.980993e+06
3313.30032806 2881.63669866 0 8.980993e+06
3313.30032806 2881.63669866 0 8.980993e+06
3313.85954494 2881.84346963 0 8.980993e+06
3313.85954494 2881.84346963 0 8.980993e+06
3314.41723838 2882.04967731 0 8.980993e+06
3314.41723838 2882.04967731 0 8.980993e+06
3314.9740306 2882.25555177 0 8.980993e+06
3314.9740306 2882.25555177 0 8.980993e+06
3315.52930861 2882.46086635 0 8.980993e+06
3315.52930861 2882.46086635 0 8.980993e+06
3313.28220256 2874.50507072 0 8.980993e+06
3313.28220256 2874.50507072 0 8.980993e+06
3313.84143349 2874.71959301 0 8.980993e+06
3313.84143349 2874.71959301 0 8.980993e+06
3314.39914095 2874.9335309 0 8.980993e+06
3314.39914095 2874.9335309 0 8.980993e+06
3314.9559472 2875.14712308 0 8.980993e+06
3314.9559472 2875.14712308 0 8.980993e+06
3315.5112392 2875.36013439 0 8.980993e+06
3315.5112392 2875.36013439 0 8.980993e+06
3313.26480196 2867.3734951 0 8.980993e+06
3313.26480196 2867.3734951 0 8.980993e+06
3313.82404641 2867.59576859 0 8.980993e+06
3313.82404641 2867.59576859 0 8.980993e+06
3314.38176736 2867.81743657 0 8.980993e+06
3314.38176736 2867.81743657 0 8.980993e+06
3314.93858709 2868.03874636 0 8.980993e+06
3314.93858709 2868.03874636 0 8.980993e+06
3315.49389254 2868.25945429 0 8.980993e+06
3315.49389254 2868.25945429 0 8.980993e+06
3313.2474017 2860.2420574 0 8.980993e+06
3313.2474017 2860.2420574 0 8.980993e+06
3313.80665967 2860.4720818 0 8.980993e+06
3313.80665967 2860.4720818 0 8.980993e+06
3314.36439411 2860.70147957 0 8.980993e+06
3314.36439411 2860.70147957 0 8.980993e+06
3314.92122731 2860.93050666 0 8.980993e+06
3314.92122731 2860.93050666 0 8.980993e+06
3315.47654622 2861.15891091 0 8.980993e+06
3315.47654622 2861.15891091 0 8.980993e+06
3313.23000178 2853.11075761 0 8.980993e+06
3313.23000178 2853.11075761 0 8.980993e+06
3313.78927326 2853.34853262 0 8.980993e+06
3313.78927326 2853.34853262 0 8.980993e+06
3314.34702119 2853.58565988 0 8.980993e+06
3314.34702119 2853.58565988 0 8.980993e+06
3314.90386787 2853.82240398 0 8.980993e+06
3314.90386787 2853.82240398 0 8.980993e+06
3315.45920024 2854.05850427 0 8.980993e+06
3315.45920024 2854.05850427 0 8.980993e+06
3313.21187769 2845.97969722 0 8.980993e+06
3313.21187769 2845.97969722 0 8.980993e+06
3313.77116322 2846.22522231 0 8.980993e+06
3313.77116322 2846.22522231 0 8.980993e+06
3314.32892518 2846.47007856 0 8.980993e+06
3314.32892518 2846.47007856 0 8.980993e+06
3314.88578588 2846.71453915 0 8.980993e+06
3314.88578588 2846.71453915 0 8.980993e+06
3315.44113223 2846.95833495 0 8.980993e+06
3315.44113223 2846.95833495 0 8.980993e+06
3313.19447846 2838.84867644 0 8.980993e+06
3313.19447846 2838.84867644 0 8.980993e+06
3313.7537775 2839.10195152 0 8.980993e+06
3313.7537775 2839.10195152 0 8.980993e+06
3314.31155295 2839.35453666 0 8.980993e+06
3314.31155295 2839.35453666 0 8.980993e+06
3314.86842713 2839.60671366 0 8.980993e+06
3314.86842713 2839.60671366 0 8.980993e+06
3315.42378693 2839.85820489 0 8.980993e+06
3315.42378693 2839.85820489 0 8.980993e+06
3313.17707956 2831.71779355 0 8.980993e+06
3313.17707956 2831.71779355 0 8.980993e+06
3313.73639211 2831.97881834 0 8.980993e+06
3313.73639211 2831.97881834 0 8.980993e+06
3314.29418105 2832.23913207 0 8.980993e+06
3314.29418105 2832.23913207 0 8.980993e+06
3314.8510687 2832.49902518 0 8.980993e+06
3314.8510687 2832.49902518 0 8.980993e+06
3315.40644196 2832.75821154 0 8.980993e+06
3315.40644196 2832.75821154 0 8.980993e+06
3313.15968099 2824.58704857 0 8.980993e+06
3313.15968099 2824.58704857 0 8.980993e+06
3313.71900706 2824.85582276 0 8.980993e+06
3313.71900706 2824.85582276 0 8.980993e+06
3314.27680949 2825.12386478 0 8.980993e+06
3314.27680949 2825.12386478 0 8.980993e+06
3314.83371062 2825.3914737 0 8.980993e+06
3314.83371062 2825.3914737 0 8.980993e+06
3315.38909733 2825.6583549 0 8.980993e+06
3315.38909733 2825.6583549 0 8.980993e+06
3313.14155833 2817.45655566 0 8.980993e+06
3313.14155833 2817.45655566 0 8.980993e+06
3313.70089845 2817.7330787 0 8.980993e+06
3313.70089845 2817.7330787 0 8.980993e+06
3314.25871489 2818.00884847 0 8.980993e+06
3314.25871489 2818.00884847 0 8.980993e+06
3314.81563004 2818.28417266 0 8.980993e+06
3314.81563004 2818.28417266 0 8.980993e+06
3315.37103074 2818.55874815 0 8.980993e+06
3315.37103074 2818.55874815 0 8.980993e+06
3313.12416045 2810.32608965 0 8.980993e+06
3313.12416045 2810.32608965 0 8.980993e+06
3313.68351408 2810.61036148 0 8.980993e+06
3313.68351408 2810.61036148 0 8.980993e+06
3314.24134401 2810.89385894 0 8.980993e+06
3314.24134401 2810.89385894 0 8.980993e+06
3314.79827264 2811.17689834 0 8.980993e+06
3314.79827264 2811.17689834 0 8.980993e+06
3315.35368678 2811.45916806 0 8.980993e+06
3315.35368678 2811.45916806 0 8.980993e+06
3313.10676292 2803.19576152 0 8.980993e+06
3313.10676292 2803.19576152 0 8.980993e+06
3313.66613005 2803.48778184 0 8.980993e+06
3313.66613005 2803.48778184 0 8.980993e+06
3314.22397347 2803.77900669 0 8.980993e+06
3314.22397347 2803.77900669 0 8.980993e+06
3314.78091557 2804.06976101 0 8.980993e+06
3314.78091557 2804.06976101 0 8.980993e+06
3315.33634316 2804.35972467 0 8.980993e+06
3315.33634316 2804.35972467 0 8.980993e+06
3313.08936571 2796.06557128 0 8.980993e+06
3313.08936571 2796.06557128 0 8.980993e+06
3313.64874636 2796.36533979 0 8.980993e+06
3313.64874636 2796.36533979 0 8.980993e+06
3314.20660326 2796.66429174 0 8.980993e+06
3314.20660326 2796.66429174 0 8.980993e+06
3314.76355883 2796.96276067 0 8.980993e+06
3314.76355883 2796.96276067 0 8.980993e+06
3315.31899988 2797.26041797 0 8.980993e+06
3315.31899988 2797.26041797 0 8.980993e+06
3313.07124447 2788.93564578 0 8.980993e+06
3313.07124447 2788.93564578 0 8.980993e+06
3313.63063916 2789.24316192 0 8.980993e+06
3313.63063916 2789.24316192 0 8.980993e+06
3314.18851009 2789.54984038 0 8.980993e+06
3314.18851009 2789.54984038 0 8.980993e+06
3314.74547967 2789.85602336 0 8.980993e+06
3314.74547967 2789.85602336 0 8.980993e+06
3315.3009347 2790.16137374 0 8.980993e+06
3315.3009347 2790.16137374 0 8.980993e+06
3313.05384795 2781.80573447 0 8.980993e+06
3313.05384795 2781.80573447 0 8.980993e+06
3313.61325616 2782.12099819 0 8.980993e+06
3313.61325616 2782.12099819 0 8.980993e+06
3314.17114056 2782.43540315 0 8.980993e+06
3314.17114056 2782.43540315 0 8.980993e+06
3314.72812362 2782.74930014 0 8.980993e+06
3314.72812362 2782.74930014 0 8.980993e+06
3315.28359209 2783.06234356 0 8.980993e+06
3315.28359209 2783.06234356 0 8.980993e+06
3313.03645178 2774.67596104 0 8.980993e+06
3313.03645178 2774.67596104 0 8.980993e+06
3313.59587349 2774.99897204 0 8.980993e+06
3313.59587349 2774.99897204 0 8.980993e+06
3314.15377137 2775.32110319 0 8.980993e+06
3314.15377137 2775.32110319 0 8.980993e+06
3314.7107679 2775.64271389 0 8.980993e+06
3314.7107679 2775.64271389 0 8.980993e+06
3315.26624983 2775.96345006 0 8.980993e+06
3315.26624983 2775.96345006 0 8.980993e+06
3313.0183316 2767.54646185 0 8.980993e+06
3313.0183316 2767.54646185 0 8.980993e+06
3313.57776735 2767.87721955 0 8.980993e+06
3313.57776735 2767.87721955 0 8.980993e+06
3314.13567926 2768.2070763 0 8.980993e+06
3314.13567926 2768.2070763 0 8.980993e+06
3314.6926898 2768.53640012 0 8.980993e+06
3314.6926898 2768.53640012 0 8.980993e+06
3315.24818571 2768.86482845 0 8.980993e+06
3315.24818571 2768.86482845 0 8.980993e+06
3313.00093611 2760.41696732 0 8.980993e+06
3313.00093611 2760.41696732 0 8.980993e+06
3313.56038537 2760.7554717 0 8.980993e+06
3313.56038537 2760.7554717 0 8.980993e+06
3314.11831076 2761.09305404 0 8.980993e+06
3314.11831076 2761.09305404 0 8.980993e+06
3314.67533476 2761.43009097 0 8.980993e+06
3314.67533476 2761.43009097 0 8.980993e+06
3315.23084412 2761.76621145 0 8.980993e+06
3315.23084412 2761.76621145 0 8.980993e+06
3312.98354095 2753.28761065 0 8.980993e+06
3312.98354095 2753.28761065 0 8.980993e+06
3313.54300372 2753.63386141 0 8.980993e+06
3313.54300372 2753.63386141 0 8.980993e+06
3314.10094259 2753.97916904 0 8.980993e+06
3314.10094259 2753.97916904 0 8.980993e+06
3314.65798007 2754.32391879 0 8.980993e+06
3314.65798007 2754.32391879 0 8.980993e+06
3315.21350287 2754.66773111 0 8.980993e+06
3315.21350287 2754.66773111 0 8.980993e+06
3312.96614614 2746.15839184 0 8.980993e+06
3312.96614614 2746.15839184 0 8.980993e+06
3313.52562241 2746.51238868 0 8.980993e+06
3313.52562241 2746.51238868 0 8.980993e+06
3314.08357476 2746.8654213 0 8.980993e+06
3314.08357476 2746.8654213 0 8.980993e+06
3314.6406257 2747.21788357 0 8.980993e+06
3314.6406257 2747.21788357 0 8.980993e+06
3315.19616195 2747.56938745 0 8.980993e+06
3315.19616195 2747.56938745 0 8.980993e+06
3312.94802738 2739.02945995 0 8.980993e+06
3312.94802738 2739.02945995 0 8.980993e+06
3313.50751769 2739.39120225 0 8.980993e+06
3313.50751769 2739.39120225 0 8.980993e+06
3314.06548406 2739.75195924 0 8.980993e+06
3314.06548406 2739.75195924 0 8.980993e+06
3314.62254901 2740.11213341 0 8.980993e+06
3314.62254901 2740.11213341 0 8.980993e+06
3315.17809924 2740.47132823 0 8.980993e+06
3315.17809924 2740.47132823 0 8.980993e+06
3312.92929552 2731.35238167 0 8.980993e+06
3312.92929552 2731.35238167 0 8.980993e+06
3313.48880037 2731.72246499 0 8.980993e+06
3313.48880037 2731.72246499 0 8.980993e+06
3314.04678125 2732.09154028 0 8.980993e+06
3314.04678125 2732.09154028 0 8.980993e+06
3314.60386071 2732.46001933 0 8.980993e+06
3314.60386071 2732.46001933 0 8.980993e+06
3315.15942541 2732.82749644 0 8.980993e+06
3315.15942541 2732.82749644 0 8.980993e+06
3312.91056404 2723.67546326 0 8.980993e+06
3312.91056404 2723.67546326 0 8.980993e+06
3313.47008344 2724.05388725 0 8.980993e+06
3313.47008344 2724.05388725 0 8.980993e+06
3314.02807884 2724.43128049 0 8.980993e+06
3314.02807884 2724.43128049 0 8.980993e+06
3314.5851728 2724.80806407 0 8.980993e+06
3314.5851728 2724.80806407 0 8.980993e+06
3315.14075198 2725.18382313 0 8.980993e+06
3315.14075198 2725.18382313 0 8.980993e+06
3312.89183296 2715.9987047 0 8.980993e+06
3312.89183296 2715.9987047 0 8.980993e+06
3313.4513669 2716.38546901 0 8.980993e+06
3313.4513669 2716.38546901 0 8.980993e+06
3314.00937681 2716.77117987 0 8.980993e+06
3314.00937681 2716.77117987 0 8.980993e+06
3314.56648527 2717.15626762 0 8.980993e+06
3314.56648527 2717.15626762 0 8.980993e+06
3315.12207893 2717.5403083 0 8.980993e+06
3315.12207893 2717.5403083 0 8.980993e+06
3312.8723772 2708.32150192 0 8.980993e+06
3312.8723772 2708.32150192 0 8.980993e+06
3313.43192622 2708.71660668 0 8.980993e+06
3313.43192622 2708.71660668 0 8.980993e+06
3313.98995118 2709.11063528 0 8.980993e+06
3313.98995118 2709.11063528 0 8.980993e+06
3314.54707468 2709.50402735 0 8.980993e+06
3314.54707468 2709.50402735 0 8.980993e+06
3315.10268335 2709.89634978 0 8.980993e+06
3315.10268335 2709.89634978 0 8.980993e+06
3312.85364691 2700.64506648 0 8.980993e+06
3312.85364691 2700.64506648 0 8.980993e+06
3313.41321047 2701.04851086 0 8.980993e+06
3313.41321047 2701.04851086 0 8.980993e+06
3313.97124994 2701.45085637 0 8.980993e+06
3313.97124994 2701.45085637 0 8.980993e+06
3314.52838795 2701.85255193 0 8.980993e+06
3314.52838795 2701.85255193 0 8.980993e+06
3315.08401109 2702.25315528 0 8.980993e+06
3315.08401109 2702.25315528 0 8.980993e+06
3325.10605716 2692.73384399 0 8.980993e+06
3325.10605716 2692.73384399 0 8.980993e+06
3325.65641245 2693.14898694 0 8.980993e+06
3325.65641245 2693.14898694 0 8.980993e+06
3326.20525975 2693.5629924 0 8.980993e+06
3326.20525975 2693.5629924 0 8.980993e+06
3326.7532115 2693.97632231 0 8.980993e+06
3326.7532115 2693.97632231 0 8.980993e+06
3327.29966446 2694.38852167 0 8.980993e+06
3327.29966446 2694.38852167 0 8.980993e+06
3337.54441034 2684.70256057 0 8.980993e+06
3337.54441034 2684.70256057 0 8.980993e+06
3338.08521259 2685.12971191 0 8.980993e+06
3338.08521259 2685.12971191 0 8.980993e+06
3338.62452408 2685.55568577 0 8.980993e+06
3338.62452408 2685.55568577 0 8.980993e+06
3339.16294666 2685.98095753 0 8.980993e+06
3339.16294666 2685.98095753 0 8.980993e+06
3339.69988765 2686.40505907 0 8.980993e+06
3339.69988765 2686.40505907 0 8.980993e+06
3350.17297162 2676.54846224 0 8.980993e+06
3350.17297162 2676.54846224 0 8.980993e+06
3350.70386343 2676.98794194 0 8.980993e+06
3350.70386343 2676.98794194 0 8.980993e+06
3351.23328288 2677.4262028 0 8.980993e+06
3351.23328288 2677.4262028 0 8.980993e+06
3351.76182083 2677.86373395 0 8.980993e+06
3351.76182083 2677.86373395 0 8.980993e+06
3352.28889556 2678.30005382 0 8.980993e+06
3352.28889556 2678.30005382 0 8.980993e+06
3362.99613763 2668.26871015 0 8.980993e+06
3362.99613763 2668.26871015 0 8.980993e+06
3363.51674842 2668.72084877 0 8.980993e+06
3363.51674842 2668.72084877 0 8.980993e+06
3364.03590648 2669.17172572 0 8.980993e+06
3364.03590648 2669.17172572 0 8.980993e+06
3364.55419129 2669.62184427 0 8.980993e+06
3364.55419129 2669.62184427 0 8.980993e+06
3365.07103245 2670.07070905 0 8.980993e+06
3365.07103245 2670.07070905 0 8.980993e+06
3376.01844156 2659.8603773 0 8.980993e+06
3376.01844156 2659.8603773 0 8.980993e+06
3376.52838701 2660.32551637 0 8.980993e+06
3376.52838701 2660.32551637 0 8.980993e+06
3377.03690066 2660.78934944 0 8.980993e+06
3377.03690066 2660.78934944 0 8.980993e+06
3377.54455015 2661.25239429 0 8.980993e+06
3377.54455015 2661.25239429 0 8.980993e+06
3378.05077687 2661.71414137 0 8.980993e+06
3378.05077687 2661.71414137 0 8.980993e+06
3402.42317622 2653.2842165 0 8.980993e+06
3402.42317622 2653.2842165 0 8.980993e+06
3402.91080045 2653.76415427 0 8.980993e+06
3402.91080045 2653.76415427 0 8.980993e+06
3403.39703843 2654.24272764 0 8.980993e+06
3403.39703843 2654.24272764 0 8.980993e+06
3403.88243305 2654.72047095 0 8.980993e+06
3403.88243305 2654.72047095 0 8.980993e+06
3404.36645029 2655.19685859 0 8.980993e+06
3404.36645029 2655.19685859 0 8.980993e+06
3429.66513403 2646.49871797 0 8.980993e+06
3429.66513403 2646.49871797 0 8.980993e+06
3430.12875395 2646.99416721 0 8.980993e+06
3430.12875395 2646.99416721 0 8.980993e+06
3430.59103905 2647.48819 0 8.980993e+06
3430.59103905 2647.48819 0 8.980993e+06
3431.0525056 2647.98133804 0 8.980993e+06
3431.0525056 2647.98133804 0 8.980993e+06
3431.51264603 2648.47306892 0 8.980993e+06
3431.51264603 2648.47306892 0 8.980993e+06
3457.78649548 2639.49501395 0 8.980993e+06
3457.78649548 2639.49501395 0 8.980993e+06
3458.22429718 2640.00673283 0 8.980993e+06
3458.22429718 2640.00673283 0 8.980993e+06
3458.66082203 2640.51695928 0 8.980993e+06
3458.66082203 2640.51695928 0 8.980993e+06
3459.09655764 2641.02626323 0 8.980993e+06
3459.09655764 2641.02626323 0 8.980993e+06
3459.53102484 2641.53408462 0 8.980993e+06
3459.53102484 2641.53408462 0 8.980993e+06
3486.82965305 2632.26173402 0 8.980993e+06
3486.82965305 2632.26173402 0 8.980993e+06
3487.23968234 2632.79053139 0 8.980993e+06
3487.23968234 2632.79053139 0 8.980993e+06
3487.64849992 2633.31776608 0 8.980993e+06
3487.64849992 2633.31776608 0 8.980993e+06
3488.05656259 2633.84402719 0 8.980993e+06
3488.05656259 2633.84402719 0 8.980993e+06
3488.46342172 2634.36873614 0 8.980993e+06
3488.46342172 2634.36873614 0 8.980993e+06
3516.83976737 2624.78676419 0 8.980993e+06
3516.83976737 2624.78676419 0 8.980993e+06
3517.21991703 2625.33350382 0 8.980993e+06
3517.21991703 2625.33350382 0 8.980993e+06
3517.59892812 2625.87860592 0 8.980993e+06
3517.59892812 2625.87860592 0 8.980993e+06
3517.97722422 2626.42267972 0 8.980993e+06
3517.97722422 2626.42267972 0 8.980993e+06
3518.35438955 2626.96512723 0 8.980993e+06
3518.35438955 2626.96512723 0 8.980993e+06
3547.86784558 2617.05911952 0 8.980993e+06
3547.86784558 2617.05911952 0 8.980993e+06
3548.21583839 2617.62472324 0 8.980993e+06
3548.21583839 2617.62472324 0 8.980993e+06
3548.56277458 2618.1886096 0 8.980993e+06
3548.56277458 2618.1886096 0 8.980993e+06
3548.90904199 2618.75140899 0 8.980993e+06
3548.90904199 2618.75140899 0 8.980993e+06
3549.25426016 2619.312503 0 8.980993e+06
3549.25426016 2619.312503 0 8.980993e+06
3579.96559369 2609.06507005 0 8.980993e+06
3579.96559369 2609.06507005 0 8.980993e+06
3580.27896918 2609.6505244 0 8.980993e+06
3580.27896918 2609.6505244 0 8.980993e+06
3580.59137979 2610.23417614 0 8.980993e+06
3580.59137979 2610.23417614 0 8.980993e+06
3580.90317487 2610.81667793 0 8.980993e+06
3580.90317487 2610.81667793 0 8.980993e+06
3581.21401191 2611.3973899 0 8.980993e+06
3581.21401191 2611.3973899 0 8.980993e+06
3613.18827859 2600.78993918 0 8.980993e+06
3613.18827859 2600.78993918 0 8.980993e+06
3613.46437572 2601.39630112 0 8.980993e+06
3613.46437572 2601.39630112 0 8.980993e+06
3613.73961055 2602.0007693 0 8.980993e+06
3613.73961055 2602.0007693 0 8.980993e+06
3614.01429095 2602.60401984 0 8.980993e+06
3614.01429095 2602.60401984 0 8.980993e+06
3614.28811529 2603.20539031 0 8.980993e+06
3614.28811529 2603.20539031 0 8.980993e+06
3647.59820199 2592.22001858 0 8.980993e+06
3647.59820199 2592.22001858 0 8.980993e+06
3647.83413606 2592.84842021 0 8.980993e+06
3647.83413606 2592.84842021 0 8.980993e+06
3648.06932247 2593.47483049 0 8.980993e+06
3648.06932247 2593.47483049 0 8.980993e+06
3648.30402438 2594.09995033 0 8.980993e+06
3648.30402438 2594.09995033 0 8.980993e+06
3648.53798414 2594.72309348 0 8.980993e+06
3648.53798414 2594.72309348 0 8.980993e+06
3683.25906927 2583.33854572 0 8.980993e+06
3683.25906927 2583.33854572 0 8.980993e+06
3683.45171332 2583.99020282 0 8.980993e+06
3683.45171332 2583.99020282 0 8.980993e+06
3683.64373777 2584.63976399 0 8.980993e+06
3683.64373777 2584.63976399 0 8.980993e+06
3683.83535754 2585.28795628 0 8.980993e+06
3683.83535754 2585.28795628 0 8.980993e+06
3684.02636236 2585.93406836 0 8.980993e+06
3684.02636236 2585.93406836 0 8.980993e+06
3720.23922535 2574.12753615 0 8.980993e+06
3720.23922535 2574.12753615 0 8.980993e+06
3720.38518606 2574.80375602 0 8.980993e+06
3720.38518606 2574.80375602 0 8.980993e+06
3720.53067013 2575.4777677 0 8.980993e+06
3720.53067013 2575.4777677 0 8.980993e+06
3720.67584048 2576.1503259 0 8.980993e+06
3720.67584048 2576.1503259 0 8.980993e+06
3720.82053783 2576.82069281 0 8.980993e+06
3720.82053783 2576.82069281 0 8.980993e+06
3758.61561478 2564.56973414 0 8.980993e+06
3758.61561478 2564.56973414 0 8.980993e+06
3758.71120074 2565.27192255 0 8.980993e+06
3758.71120074 2565.27192255 0 8.980993e+06
3758.80646968 2565.97178217 0 8.980993e+06
3758.80646968 2565.97178217 0 8.980993e+06
3758.90152833 2566.67009693 0 8.980993e+06
3758.90152833 2566.67009693 0 8.980993e+06
3758.99627245 2567.36610106 0 8.980993e+06
3758.99627245 2567.36610106 0 8.980993e+06
3798.46761153 2554.64442589 0 8.980993e+06
3798.46761153 2554.64442589 0 8.980993e+06
3798.50880662 2555.37409846 0 8.980993e+06
3798.50880662 2555.37409846 0 8.980993e+06
3798.54986291 2556.10131244 0 8.980993e+06
3798.54986291 2556.10131244 0 8.980993e+06
3798.5908264 2556.82688273 0 8.980993e+06
3798.5908264 2556.82688273 0 8.980993e+06
3798.63165219 2557.550014 0 8.980993e+06
3798.63165219 2557.550014 0 8.980993e+06
3839.88072083 2544.32929646 0 8.980993e+06
3839.88072083 2544.32929646 0 8.980993e+06
3839.86315013 2545.08808945 0 8.980993e+06
3839.86315013 2545.08808945 0 8.980993e+06
3839.84563959 2545.84428398 0 8.980993e+06
3839.84563959 2545.84428398 0 8.980993e+06
3839.82816959 2546.59872777 0 8.980993e+06
3839.82816959 2546.59872777 0 8.980993e+06
3839.81075928 2547.3505942 0 8.980993e+06
3839.81075928 2547.3505942 0 8.980993e+06
3882.95114893 2533.60240389 0 8.980993e+06
3882.95114893 2533.60240389 0 8.980993e+06
3882.87003432 2534.39208465 0 8.980993e+06
3882.87003432 2534.39208465 0 8.980993e+06
3882.78920213 2535.17901599 0 8.980993e+06
3882.78920213 2535.17901599 0 8.980993e+06
3882.70856169 2535.96408048 0 8.980993e+06
3882.70856169 2535.96408048 0 8.980993e+06
3882.62820133 2536.74641833 0 8.980993e+06
3882.62820133 2536.74641833 0 8.980993e+06
3889.5995544 2549.83590395 0 8.980993e+06
3889.5995544 2549.83590395 0 8.980993e+06
3889.50841084 2550.60407938 0 8.980993e+06
3889.50841084 2550.60407938 0 8.980993e+06
3889.41758542 2551.36957347 0 8.980993e+06
3889.41758542 2551.36957347 0 8.980993e+06
3889.32697627 2552.13324482 0 8.980993e+06
3889.32697627 2552.13324482 0 8.980993e+06
3889.23668261 2552.89425713 0 8.980993e+06
3889.23668261 2552.89425713 0 8.980993e+06
3896.28829057 2566.16788006 0 8.980993e+06
3896.28829057 2566.16788006 0 8.980993e+06
3896.18699779 2566.91427452 0 8.980993e+06
3896.18699779 2566.91427452 0 8.980993e+06
3896.08605947 2567.65805704 0 8.980993e+06
3896.08605947 2567.65805704 0 8.980993e+06
3895.98536239 2568.40006194 0 8.980993e+06
3895.98536239 2568.40006194 0 8.980993e+06
3895.88501682 2569.13947668 0 8.980993e+06
3895.88501682 2569.13947668 0 8.980993e+06
3903.01772556 2582.59923101 0 8.980993e+06
3903.01772556 2582.59923101 0 8.980993e+06
3902.90616163 2583.32356503 0 8.980993e+06
3902.90616163 2583.32356503 0 8.980993e+06
3902.79498911 2584.04535785 0 8.980993e+06
3902.79498911 2584.04535785 0 8.980993e+06
3902.68408327 2584.76541916 0 8.980993e+06
3902.68408327 2584.76541916 0 8.980993e+06
3902.57356557 2585.48296052 0 8.980993e+06
3902.57356557 2585.48296052 0 8.980993e+06
3909.78823196 2599.13086655 0 8.980993e+06
3909.78823196 2599.13086655 0 8.980993e+06
3909.6662733 2599.83285678 0 8.980993e+06
3909.6662733 2599.83285678 0 8.980993e+06
3909.5447436 2600.53237787 0 8.980993e+06
3909.5447436 2600.53237787 0 8.980993e+06
3909.42350653 2601.2302146 0 8.980993e+06
3909.42350653 2601.2302146 0 8.980993e+06
3909.30269483 2601.92560293 0 8.980993e+06
3909.30269483 2601.92560293 0 8.980993e+06
3916.60018692 2615.7637076 0 8.980993e+06
3916.60018692 2615.7637076 0 8.980993e+06
3916.46770823 2616.44306668 0 8.980993e+06
3916.46770823 2616.44306668 0 8.980993e+06
3916.33569672 2617.12003008 0 8.980993e+06
3916.33569672 2617.12003008 0 8.980993e+06
3916.20400426 2617.79535734 0 8.980993e+06
3916.20400426 2617.79535734 0 8.980993e+06
3916.07277504 2618.46830909 0 8.980993e+06
3916.07277504 2618.46830909 0 8.980993e+06
3916.30958088 2650.15269773 0 8.980993e+06
3916.30958088 2650.15269773 0 8.980993e+06
3916.17755273 2650.78074612 0 8.980993e+06
3916.17755273 2650.78074612 0 8.980993e+06
3916.04599012 2651.40658004 0 8.980993e+06
3916.04599012 2651.40658004 0 8.980993e+06
3915.91474542 2652.03090162 0 8.980993e+06
3915.91474542 2652.03090162 0 8.980993e+06
3915.78396234 2652.65302736 0 8.980993e+06
3915.78396234 2652.65302736 0 8.980993e+06
3916.01905262 2684.532483 0 8.980993e+06
3916.01905262 2684.532483 0 8.980993e+06
3915.88747478 2685.10924814 0 8.980993e+06
3915.88747478 2685.10924814 0 8.980993e+06
3915.75636083 2685.68397984 0 8.980993e+06
3915.75636083 2685.68397984 0 8.980993e+06
3915.62556367 2686.25732293 0 8.980993e+06
3915.62556367 2686.25732293 0 8.980993e+06
3915.49522649 2686.8286497 0 8.980993e+06
3915.49522649 2686.8286497 0 8.980993e+06
3915.72860212 2718.90306712 0 8.980993e+06
3915.72860212 2718.90306712 0 8.980993e+06
3915.59747435 2719.42857639 0 8.980993e+06
3915.59747435 2719.42857639 0 8.980993e+06
3915.46680883 2719.95223316 0 8.980993e+06
3915.46680883 2719.95223316 0 8.980993e+06
3915.33645897 2720.47462491 0 8.980993e+06
3915.33645897 2720.47462491 0 8.980993e+06
3915.20656746 2720.99517975 0 8.980993e+06
3915.20656746 2720.99517975 0 8.980993e+06
3915.43822934 2753.26445376 0 8.980993e+06
3915.43822934 2753.26445376 0 8.980993e+06
3915.30755141 2753.73873457 0 8.980993e+06
3915.30755141 2753.73873457 0 8.980993e+06
3915.17733408 2754.21134364 0 8.980993e+06
3915.17733408 2754.21134364 0 8.980993e+06
3915.04743128 2754.68281122 0 8.980993e+06
3915.04743128 2754.68281122 0 8.980993e+06
3914.91798521 2755.15262112 0 8.980993e+06
3914.91798521 2755.15262112 0 8.980993e+06
3915.14793425 2787.61664663 0 8.980993e+06
3915.14793425 2787.61664663 0 8.980993e+06
3915.01770592 2788.03972634 0 8.980993e+06
3915.01770592 2788.03972634 0 8.980993e+06
3914.88793656 2788.46131496 0 8.980993e+06
3914.88793656 2788.46131496 0 8.980993e+06
3914.75848058 2788.88188548 0 8.980993e+06
3914.75848058 2788.88188548 0 8.980993e+06
3914.62947972 2789.30097744 0 8.980993e+06
3914.62947972 2789.30097744 0 8.980993e+06
3914.85771683 2821.95964941 0 8.980993e+06
3914.85771683 2821.95964941 0 8.980993e+06
3914.72793786 2822.33155538 0 8.980993e+06
3914.72793786 2822.33155538 0 8.980993e+06
3914.59861622 2822.70215077 0 8.980993e+06
3914.59861622 2822.70215077 0 8.980993e+06
3914.46960684 2823.07185134 0 8.980993e+06
3914.46960684 2823.07185134 0 8.980993e+06
3914.34105096 2823.44025235 0 8.980993e+06
3914.34105096 2823.44025235 0 8.980993e+06
3914.56757703 2856.29346579 0 8.980993e+06
3914.56757703 2856.29346579 0 8.980993e+06
3914.43824719 2856.61422537 0 8.980993e+06
3914.43824719 2856.61422537 0 8.980993e+06
3914.30937305 2856.93385472 0 8.980993e+06
3914.30937305 2856.93385472 0 8.980993e+06
3914.18081003 2857.25271245 0 8.980993e+06
3914.18081003 2857.25271245 0 8.980993e+06
3914.05269889 2857.57044945 0 8.980993e+06
3914.05269889 2857.57044945 0 8.980993e+06
3914.27751484 2890.61809945 0 8.980993e+06
3914.27751484 2890.61809945 0 8.980993e+06
3914.14863388 2890.88773996 0 8.980993e+06
3914.14863388 2890.88773996 0 8.980993e+06
3914.02020701 2891.15643047 0 8.980993e+06
3914.02020701 2891.15643047 0 8.980993e+06
3913.89209012 2891.42447242 0 8.980993e+06
3913.89209012 2891.42447242 0 8.980993e+06
3913.76442348 2891.69157238 0 8.980993e+06
3913.76442348 2891.69157238 0 8.980993e+06
3913.98753021 2924.93355409 0 8.980993e+06
3913.98753021 2924.93355409 0 8.980993e+06
3913.85909791 2925.15210282 0 8.980993e+06
3913.85909791 2925.15210282 0 8.980993e+06
3913.73111806 2925.36988166 0 8.980993e+06
3913.73111806 2925.36988166 0 8.980993e+06
3913.60344706 2925.58713491 0 8.980993e+06
3913.60344706 2925.58713491 0 8.980993e+06
3913.47622471 2925.80362474 0 8.980993e+06
3913.47622471 2925.80362474 0 8.980993e+06
3913.69762312 2959.23983337 0 8.980993e+06
3913.69762312 2959.23983337 0 8.980993e+06
3913.56963924 2959.40731763 0 8.980993e+06
3913.56963924 2959.40731763 0 8.980993e+06
3913.44210618 2959.57421194 0 8.980993e+06
3913.44210618 2959.57421194 0 8.980993e+06
3913.31488085 2959.74070354 0 8.980993e+06
3913.31488085 2959.74070354 0 8.980993e+06
3913.18810254 2959.90661016 0 8.980993e+06
3913.18810254 2959.90661016 0 8.980993e+06
3913.40779353 2993.53694099 0 8.980993e+06
3913.40779353 2993.53694099 0 8.980993e+06
3913.28025785 2993.65338804 0 8.980993e+06
3913.28025785 2993.65338804 0 8.980993e+06
3913.15317134 2993.76942497 0 8.980993e+06
3913.15317134 2993.76942497 0 8.980993e+06
3913.02639144 2993.88518195 0 8.980993e+06
3913.02639144 2993.88518195 0 8.980993e+06
3912.90005694 2994.00053225 0 8.980993e+06
3912.90005694 2994.00053225 0 8.980993e+06
3913.11804142 3027.82488061 0 8.980993e+06
3913.11804142 3027.82488061 0 8.980993e+06
3912.99095369 3027.89031772 0 8.980993e+06
3912.99095369 3027.89031772 0 8.980993e+06
3912.8643135 3027.95552438 0 8.980993e+06
3912.8643135 3027.95552438 0 8.980993e+06
3912.7379788 3028.02057375 0 8.980993e+06
3912.7379788 3028.02057375 0 8.980993e+06
3912.61208788 3028.08539462 0 8.980993e+06
3912.61208788 3028.08539462 0 8.980993e+06
3912.82836676 3062.10365592 0 8.980993e+06
3912.82836676 3062.10365592 0 8.980993e+06
3912.70172674 3062.11811032 0 8.980993e+06
3912.70172674 3062.11811032 0 8.980993e+06
3912.57553264 3062.13251382 0 8.980993e+06
3912.57553264 3062.13251382 0 8.980993e+06
3912.4496429 3062.14688259 0 8.980993e+06
3912.4496429 3062.14688259 0 8.980993e+06
3912.32419534 3062.16120088 0 8.980993e+06
3912.32419534 3062.16120088 0 8.980993e+06
3912.5387695 3096.37327058 0 8.980993e+06
3912.5387695 3096.37327058 0 8.980993e+06
3912.41257696 3096.3367695 0 8.980993e+06
3912.41257696 3096.3367695 0 8.980993e+06
3912.28682873 3096.30039693 0 8.980993e+06
3912.28682873 3096.30039693 0 8.980993e+06
3912.16138372 3096.26411207 0 8.980993e+06
3912.16138372 3096.26411207 0 8.980993e+06
3912.03637928 3096.22795465 0 8.980993e+06
3912.03637928 3096.22795465 0 8.980993e+06
3912.24924963 3130.63372827 0 8.980993e+06
3912.24924963 3130.63372827 0 8.980993e+06
3912.12350434 3130.54629892 0 8.980993e+06
3912.12350434 3130.54629892 0 8.980993e+06
3911.99820173 3130.45917735 0 8.980993e+06
3911.99820173 3130.45917735 0 8.980993e+06
3911.87320122 3130.37226584 0 8.980993e+06
3911.87320122 3130.37226584 0 8.980993e+06
3911.74863966 3130.28565953 0 8.980993e+06
3911.74863966 3130.28565953 0 8.980993e+06
3911.95980711 3164.88503266 0 8.980993e+06
3911.95980711 3164.88503266 0 8.980993e+06
3911.83450883 3164.74670223 0 8.980993e+06
3911.83450883 3164.74670223 0 8.980993e+06
3911.70965161 3164.60885872 0 8.980993e+06
3911.70965161 3164.60885872 0 8.980993e+06
3911.58509536 3164.4713475 0 8.980993e+06
3911.58509536 3164.4713475 0 8.980993e+06
3911.46097647 3164.33431911 0 8.980993e+06
3911.46097647 3164.33431911 0 8.980993e+06
3911.6704419 3199.12718741 0 8.980993e+06
3911.6704419 3199.12718741 0 8.980993e+06
3911.54559041 3198.93798308 0 8.980993e+06
3911.54559041 3198.93798308 0 8.980993e+06
3911.42117834 3198.74944467 0 8.980993e+06
3911.42117834 3198.74944467 0 8.980993e+06
3911.29706613 3198.56136068 0 8.980993e+06
3911.29706613 3198.56136068 0 8.980993e+06
3911.17338967 3198.37393702 0 8.980993e+06
3911.17338967 3198.37393702 0 8.980993e+06
3911.38115399 3233.3601962 0 8.980993e+06
3911.38115399 3233.3601962 0 8.980993e+06
3911.25674904 3233.12014512 0 8.980993e+06
3911.25674904 3233.12014512 0 8.980993e+06
3911.1327819 3232.88093883 0 8.980993e+06
3911.1327819 3232.88093883 0 8.980993e+06
3911.00911349 3232.64230899 0 8.980993e+06
3911.00911349 3232.64230899 0 8.980993e+06
3910.88587922 3232.40451684 0 8.980993e+06
3910.88587922 3232.40451684 0 8.980993e+06
3911.09194333 3267.58406268 0 8.980993e+06
3911.09194333 3267.58406268 0 8.980993e+06
3910.96798469 3267.293192 0 8.980993e+06
3910.96798469 3267.293192 0 8.980993e+06
3910.84446224 3267.00334484 0 8.980993e+06
3910.84446224 3267.00334484 0 8.980993e+06
3910.72123741 3266.71419604 0 8.980993e+06
3910.72123741 3266.71419604 0 8.980993e+06
3910.59844511 3266.42606218 0 8.980993e+06
3910.59844511 3266.42606218 0 8.980993e+06
3872.32336392 3296.10496162 0 8.980993e+06
3872.32336392 3296.10496162 0 8.980993e+06
3872.50849375 3258.31819629 0 8.980993e+06
3872.50849375 3258.31819629 0 8.980993e+06
3872.69365643 3220.52472732 0 8.980993e+06
3872.69365643 3220.52472732 0 8.980993e+06
3872.87885195 3182.72455293 0 8.980993e+06
3872.87885195 3182.72455293 0 8.980993e+06
3873.06408034 3144.91767134 0 8.980993e+06
3873.06408034 3144.91767134 0 8.980993e+06
3873.2493416 3107.10408076 0 8.980993e+06
3873.2493416 3107.10408076 0 8.980993e+06
3873.43463574 3069.28377941 0 8.980993e+06
3873.43463574 3069.28377941 0 8.980993e+06
3873.62126131 3031.45571639 0 8.980993e+06
3873.62126131 3031.45571639 0 8.980993e+06
3873.80662146 2993.62196557 0 8.980993e+06
3873.80662146 2993.62196557 0 8.980993e+06
3873.99201451 2955.78149861 0 8.980993e+06
3873.99201451 2955.78149861 0 8.980993e+06
3874.17744047 2917.93431372 0 8.980993e+06
3874.17744047 2917.93431372 0 8.980993e+06
3874.36289935 2880.08040911 0 8.980993e+06
3874.36289935 2880.08040911 0 8.980993e+06
3874.54839117 2842.21978299 0 8.980993e+06
3874.54839117 2842.21978299 0 8.980993e+06
3874.73391592 2804.35243356 0 8.980993e+06
3874.73391592 2804.35243356 0 8.980993e+06
3874.91947363 2766.47835905 0 8.980993e+06
3874.91947363 2766.47835905 0 8.980993e+06
3875.10506429 2728.59755765 0 8.980993e+06
3875.10506429 2728.59755765 0 8.980993e+06
3875.29198996 2690.70979968 0 8.980993e+06
3875.29198996 2690.70979968 0 8.980993e+06
3875.47764533 2652.81449201 0 8.980993e+06
3875.47764533 2652.81449201 0 8.980993e+06
3875.66333514 2614.91347656 0 8.980993e+06
3875.66333514 2614.91347656 0 8.980993e+06
3875.84905794 2577.00572705 0 8.980993e+06
3875.84905794 2577.00572705 0 8.980993e+06
3833.53559858 3292.01220309 0 8.980993e+06
3833.53559858 3292.01220309 0 8.980993e+06
3833.71406343 3254.89443176 0 8.980993e+06
3833.71406343 3254.89443176 0 8.980993e+06
3833.8925608 3217.7711977 0 8.980993e+06
3833.8925608 3217.7711977 0 8.980993e+06
3834.07108927 3180.64149402 0 8.980993e+06
3834.07108927 3180.64149402 0 8.980993e+06
3834.24964886 3143.505319 0 8.980993e+06
3834.24964886 3143.505319 0 8.980993e+06
3834.42823957 3106.36267097 0 8.980993e+06
3834.42823957 3106.36267097 0 8.980993e+06
3836.57627016 2660.14389266 0 8.980993e+06
3836.57627016 2660.14389266 0 8.980993e+06
3836.75526665 2622.91689754 0 8.980993e+06
3836.75526665 2622.91689754 0 8.980993e+06
3796.09995493 3288.06112848 0 8.980993e+06
3796.09995493 3288.06112848 0 8.980993e+06
3796.27210569 3251.59101602 0 8.980993e+06
3796.27210569 3251.59101602 0 8.980993e+06
3796.44428592 3215.11465909 0 8.980993e+06
3796.44428592 3215.11465909 0 8.980993e+06
3796.61649563 3178.6320561 0 8.980993e+06
3796.61649563 3178.6320561 0 8.980993e+06
3796.78873484 3142.14320542 0 8.980993e+06
3796.78873484 3142.14320542 0 8.980993e+06
3796.96100354 3105.64810546 0 8.980993e+06
3796.96100354 3105.64810546 0 8.980993e+06
3799.03295478 2667.21643246 0 8.980993e+06
3799.03295478 2667.21643246 0 8.980993e+06
3799.20560806 2630.63990336 0 8.980993e+06
3799.20560806 2630.63990336 0 8.980993e+06
3759.94694409 3284.24542693 0 8.980993e+06
3759.94694409 3284.24542693 0 8.980993e+06
3760.11310365 3248.39982172 0 8.980993e+06
3760.11310365 3248.39982172 0 8.980993e+06
3760.27929118 3212.54818413 0 8.980993e+06
3760.27929118 3212.54818413 0 8.980993e+06
3760.44550667 3176.69051264 0 8.980993e+06
3760.44550667 3176.69051264 0 8.980993e+06
3760.61175014 3140.82680572 0 8.980993e+06
3760.61175014 3140.82680572 0 8.980993e+06
3760.77919096 3104.95707933 0 8.980993e+06
3760.77919096 3104.95707933 0 8.980993e+06
3762.77780641 2674.047275 0 8.980993e+06
3762.77780641 2674.047275 0 8.980993e+06
3762.94444268 2638.09887122 0 8.980993e+06
3762.94444268 2638.09887122 0 8.980993e+06
3725.01175857 3280.55921276 0 8.980993e+06
3725.01175857 3280.55921276 0 8.980993e+06
3725.17222951 3245.31708705 0 8.980993e+06
3725.17222951 3245.31708705 0 8.980993e+06
3725.332727 3210.06913042 0 8.980993e+06
3725.332727 3210.06913042 0 8.980993e+06
3725.49325105 3174.81534144 0 8.980993e+06
3725.49325105 3174.81534144 0 8.980993e+06
3725.65380166 3139.55571864 0 8.980993e+06
3725.65380166 3139.55571864 0 8.980993e+06
3725.81550785 3104.28932268 0 8.980993e+06
3725.81550785 3104.28932268 0 8.980993e+06
3727.7456423 2680.64673903 0 8.980993e+06
3727.7456423 2680.64673903 0 8.980993e+06
3727.90656586 2645.30525128 0 8.980993e+06
3727.90656586 2645.30525128 0 8.980993e+06
3691.2338809 3276.99417437 0 8.980993e+06
3691.2338809 3276.99417437 0 8.980993e+06
3691.38894583 3242.33554475 0 8.980993e+06
3691.38894583 3242.33554475 0 8.980993e+06
3691.54403599 3207.67127575 0 8.980993e+06
3691.54403599 3207.67127575 0 8.980993e+06
3691.69915139 3173.00136601 0 8.980993e+06
3691.69915139 3173.00136601 0 8.980993e+06
3691.85538499 3138.32584921 0 8.980993e+06
3691.85538499 3138.32584921 0 8.980993e+06
3692.01055106 3103.64463494 0 8.980993e+06
3692.01055106 3103.64463494 0 8.980993e+06
3693.8756095 2687.02821713 0 8.980993e+06
3693.8756095 2687.02821713 0 8.980993e+06
3694.03110454 2652.27349263 0 8.980993e+06
3694.03110454 2652.27349263 0 8.980993e+06
3658.5567428 3273.54623517 0 8.980993e+06
3658.5567428 3273.54623517 0 8.980993e+06
3658.70666599 3239.45209477 0 8.980993e+06
3658.70666599 3239.45209477 0 8.980993e+06
3658.85661317 3205.35249724 0 8.980993e+06
3658.85661317 3205.35249724 0 8.980993e+06
3659.00658435 3171.24744128 0 8.980993e+06
3659.00658435 3171.24744128 0 8.980993e+06
3659.15763597 3137.13603591 0 8.980993e+06
3659.15763597 3137.13603591 0 8.980993e+06
3659.30765534 3103.02004081 0 8.980993e+06
3659.30765534 3103.02004081 0 8.980993e+06
3661.11082158 2693.20053071 0 8.980993e+06
3661.11082158 2693.20053071 0 8.980993e+06
3661.26115382 2659.01340393 0 8.980993e+06
3661.26115382 2659.01340393 0 8.980993e+06
3626.92739891 3270.20794595 0 8.980993e+06
3626.92739891 3270.20794595 0 8.980993e+06
3627.07242774 3236.66020158 0 8.980993e+06
3627.07242774 3236.66020158 0 8.980993e+06
3627.21747941 3203.10717365 0 8.980993e+06
3627.21747941 3203.10717365 0 8.980993e+06
3627.36357775 3169.54891133 0 8.980993e+06
3627.36357775 3169.54891133 0 8.980993e+06
3627.50867527 3135.98529484 0 8.980993e+06
3627.50867527 3135.98529484 0 8.980993e+06
3627.65379566 3102.41639104 0 8.980993e+06
3627.65379566 3102.41639104 0 8.980993e+06
3629.39804995 2699.17557247 0 8.980993e+06
3629.39804995 2699.17557247 0 8.980993e+06
3629.54346696 2665.53689242 0 8.980993e+06
3629.54346696 2665.53689242 0 8.980993e+06
3596.29625036 3266.97590436 0 8.980993e+06
3596.29625036 3266.97590436 0 8.980993e+06
3596.43661666 3233.95731914 0 8.980993e+06
3596.43661666 3233.95731914 0 8.980993e+06
3596.57700473 3200.93361577 0 8.980993e+06
3596.57700473 3200.93361577 0 8.980993e+06
3596.71840517 3167.90394748 0 8.980993e+06
3596.71840517 3167.90394748 0 8.980993e+06
3596.85883691 3134.86998704 0 8.980993e+06
3596.85883691 3134.86998704 0 8.980993e+06
3596.99929043 3101.83090487 0 8.980993e+06
3596.99929043 3101.83090487 0 8.980993e+06
3598.6874255 2704.96090317 0 8.980993e+06
3598.6874255 2704.96090317 0 8.980993e+06
3598.82816268 2671.85511271 0 8.980993e+06
3598.82816268 2671.85511271 0 8.980993e+06
3566.61677569 3263.84339835 0 8.980993e+06
3566.61677569 3263.84339835 0 8.980993e+06
3566.75269695 3231.33753826 0 8.980993e+06
3566.75269695 3231.33753826 0 8.980993e+06
3566.88863895 3198.82671777 0 8.980993e+06
3566.88863895 3198.82671777 0 8.980993e+06
3567.02556287 3166.31098296 0 8.980993e+06
3567.02556287 3166.31098296 0 8.980993e+06
3567.16154651 3133.79022168 0 8.980993e+06
3567.16154651 3133.79022168 0 8.980993e+06
3567.29755091 3101.26449659 0 8.980993e+06
3567.29755091 3101.26449659 0 8.980993e+06
3568.93218531 2710.56625662 0 8.980993e+06
3568.93218531 2710.56625662 0 8.980993e+06
3569.06846011 2677.97588174 0 8.980993e+06
3569.06846011 2677.97588174 0 8.980993e+06
3537.8453044 3260.80759383 0 8.980993e+06
3537.8453044 3260.80759383 0 8.980993e+06
3537.97698483 3228.79877882 0 8.980993e+06
3537.97698483 3228.79877882 0 8.980993e+06
3538.10961582 3196.78434888 0 8.980993e+06
3538.10961582 3196.78434888 0 8.980993e+06
3538.24133596 3164.76589701 0 8.980993e+06
3538.24133596 3164.76589701 0 8.980993e+06
3538.3730759 3132.74263316 0 8.980993e+06
3538.3730759 3132.74263316 0 8.980993e+06
3538.50483564 3100.71455623 0 8.980993e+06
3538.50483564 3100.71455623 0 8.980993e+06
3540.08843137 2716.00077027 0 8.980993e+06
3540.08843137 2716.00077027 0 8.980993e+06
3540.22044906 2683.91000832 0 8.980993e+06
3540.22044906 2683.91000832 0 8.980993e+06
3509.94079349 3257.86241246 0 8.980993e+06
3509.94079349 3257.86241246 0 8.980993e+06
3510.06842503 3226.33567086 0 8.980993e+06
3510.06842503 3226.33567086 0 8.980993e+06
3510.19697945 3194.80432315 0 8.980993e+06
3510.19697945 3194.80432315 0 8.980993e+06
3510.32464891 3163.2682329 0 8.980993e+06
3510.32464891 3163.2682329 0 8.980993e+06
3510.45233726 3131.7274746 0 8.980993e+06
3510.45233726 3131.7274746 0 8.980993e+06
3510.58004452 3100.18204719 0 8.980993e+06
3510.58004452 3100.18204719 0 8.980993e+06
3512.11491135 2721.27046651 0 8.980993e+06
3512.11491135 2721.27046651 0 8.980993e+06
3512.24286485 2689.66423052 0 8.980993e+06
3512.24286485 2689.66423052 0 8.980993e+06
3482.86463988 3255.00466006 0 8.980993e+06
3482.86463988 3255.00466006 0 8.980993e+06
3482.98928035 3223.94575985 0 8.980993e+06
3482.98928035 3223.94575985 0 8.980993e+06
3483.11306176 3192.88224274 0 8.980993e+06
3483.11306176 3192.88224274 0 8.980993e+06
3483.23686123 3161.81419611 0 8.980993e+06
3483.23686123 3161.81419611 0 8.980993e+06
3483.36067875 3130.74161898 0 8.980993e+06
3483.36067875 3130.74161898 0 8.980993e+06
3483.48451432 3099.66451035 0 8.980993e+06
3483.48451432 3099.66451035 0 8.980993e+06
3484.9728293 2726.38437721 0 8.980993e+06
3484.9728293 2726.38437721 0 8.980993e+06
3485.0969001 2695.24825353 0 8.980993e+06
3485.0969001 2695.24825353 0 8.980993e+06
3456.58049883 3252.2313293 0 8.980993e+06
3456.58049883 3252.2313293 0 8.980993e+06
3456.70141558 3221.62651733 0 8.980993e+06
3456.70141558 3221.62651733 0 8.980993e+06
3456.82149795 3191.01722257 0 8.980993e+06
3456.82149795 3191.01722257 0 8.980993e+06
3456.94159757 3160.40352983 0 8.980993e+06
3456.94159757 3160.40352983 0 8.980993e+06
3457.06171445 3129.78543815 0 8.980993e+06
3457.06171445 3129.78543815 0 8.980993e+06
3457.1818476 3099.16211757 0 8.980993e+06
3457.1818476 3099.16211757 0 8.980993e+06
3458.62565767 2731.34768702 0 8.980993e+06
3458.62565767 2731.34768702 0 8.980993e+06
3458.74601666 2700.66789564 0 8.980993e+06
3458.74601666 2700.66789564 0 8.980993e+06
3431.0549455 3249.53721896 0 8.980993e+06
3431.0549455 3249.53721896 0 8.980993e+06
3431.17147265 3219.37332555 0 8.980993e+06
3431.17147265 3219.37332555 0 8.980993e+06
3431.28801629 3189.20516093 0 8.980993e+06
3431.28801629 3189.20516093 0 8.980993e+06
3431.40457643 3159.03272419 0 8.980993e+06
3431.40457643 3159.03272419 0 8.980993e+06
3431.52115308 3128.85601444 0 8.980993e+06
3431.52115308 3128.85601444 0 8.980993e+06
3431.63774624 3098.67503076 0 8.980993e+06
3431.63774624 3098.67503076 0 8.980993e+06
3431.75435592 3068.48977225 0 8.980993e+06
3431.75435592 3068.48977225 0 8.980993e+06
3431.87098212 3038.30023799 0 8.980993e+06
3431.87098212 3038.30023799 0 8.980993e+06
3431.98762483 3008.10642708 0 8.980993e+06
3431.98762483 3008.10642708 0 8.980993e+06
3432.10428311 2977.90752137 0 8.980993e+06
3432.10428311 2977.90752137 0 8.980993e+06
3432.22178726 2947.70509451 0 8.980993e+06
3432.22178726 2947.70509451 0 8.980993e+06
3432.33847968 2917.49843381 0 8.980993e+06
3432.33847968 2917.49843381 0 8.980993e+06
3432.45518863 2887.28749282 0 8.980993e+06
3432.45518863 2887.28749282 0 8.980993e+06
3432.57191412 2857.07227062 0 8.980993e+06
3432.57191412 2857.07227062 0 8.980993e+06
3432.68865615 2826.85276631 0 8.980993e+06
3432.68865615 2826.85276631 0 8.980993e+06
3432.80541473 2796.62897898 0 8.980993e+06
3432.80541473 2796.62897898 0 8.980993e+06
3432.92218985 2766.40090771 0 8.980993e+06
3432.92218985 2766.40090771 0 8.980993e+06
3433.03898153 2736.1685516 0 8.980993e+06
3433.03898153 2736.1685516 0 8.980993e+06
3433.15578977 2705.93190973 0 8.980993e+06
3433.15578977 2705.93190973 0 8.980993e+06
3406.25400071 3246.92039704 0 8.980993e+06
3406.25400071 3246.92039704 0 8.980993e+06
3406.36714106 3217.18497911 0 8.980993e+06
3406.36714106 3217.18497911 0 8.980993e+06
3406.4802972 3187.44541049 0 8.980993e+06
3406.4802972 3187.44541049 0 8.980993e+06
3406.59346914 3157.7016903 0 8.980993e+06
3406.59346914 3157.7016903 0 8.980993e+06
3406.70665593 3127.95301229 0 8.980993e+06
3406.70665593 3127.95301229 0 8.980993e+06
3406.81985947 3098.20098633 0 8.980993e+06
3406.81985947 3098.20098633 0 8.980993e+06
3406.93307881 3068.4448062 0 8.980993e+06
3406.93307881 3068.4448062 0 8.980993e+06
3407.04631397 3038.68447103 0 8.980993e+06
3407.04631397 3038.68447103 0 8.980993e+06
3407.15956494 3008.91997995 0 8.980993e+06
3407.15956494 3008.91997995 0 8.980993e+06
3407.27363661 2979.15128776 0 8.980993e+06
3407.27363661 2979.15128776 0 8.980993e+06
3407.38691932 2949.37846832 0 8.980993e+06
3407.38691932 2949.37846832 0 8.980993e+06
3407.50021785 2919.60149035 0 8.980993e+06
3407.50021785 2919.60149035 0 8.980993e+06
3407.61353221 2889.82035299 0 8.980993e+06
3407.61353221 2889.82035299 0 8.980993e+06
3407.72686241 2860.03505535 0 8.980993e+06
3407.72686241 2860.03505535 0 8.980993e+06
3407.84020748 2830.24479074 0 8.980993e+06
3407.84020748 2830.24479074 0 8.980993e+06
3407.95356934 2800.4511699 0 8.980993e+06
3407.95356934 2800.4511699 0 8.980993e+06
3408.06694704 2770.65338617 0 8.980993e+06
3408.06694704 2770.65338617 0 8.980993e+06
3408.18034058 2740.85143869 0 8.980993e+06
3408.18034058 2740.85143869 0 8.980993e+06
3408.29374997 2711.04532657 0 8.980993e+06
3408.29374997 2711.04532657 0 8.980993e+06
3382.14802121 3244.37610913 0 8.980993e+06
3382.14802121 3244.37610913 0 8.980993e+06
3382.25791749 3215.05716423 0 8.980993e+06
3382.25791749 3215.05716423 0 8.980993e+06
3382.3678289 3185.73418412 0 8.980993e+06
3382.3678289 3185.73418412 0 8.980993e+06
3382.47775544 3156.40716796 0 8.980993e+06
3382.47775544 3156.40716796 0 8.980993e+06
3382.58769711 3127.07611493 0 8.980993e+06
3382.58769711 3127.07611493 0 8.980993e+06
3382.69765392 3097.74102418 0 8.980993e+06
3382.69765392 3097.74102418 0 8.980993e+06
3382.80762586 3068.4018949 0 8.980993e+06
3382.80762586 3068.4018949 0 8.980993e+06
3382.91761294 3039.05872623 0 8.980993e+06
3382.91761294 3039.05872623 0 8.980993e+06
3383.02761425 3009.71072307 0 8.980993e+06
3383.02761425 3009.71072307 0 8.980993e+06
3383.1384141 2980.35942997 0 8.980993e+06
3383.1384141 2980.35942997 0 8.980993e+06
3383.24844673 2951.00412458 0 8.980993e+06
3383.24844673 2951.00412458 0 8.980993e+06
3383.35849451 2921.64477648 0 8.980993e+06
3383.35849451 2921.64477648 0 8.980993e+06
3383.46855745 2892.28138482 0 8.980993e+06
3383.46855745 2892.28138482 0 8.980993e+06
3383.57863555 2862.91394877 0 8.980993e+06
3383.57863555 2862.91394877 0 8.980993e+06
3383.68872881 2833.54246749 0 8.980993e+06
3383.68872881 2833.54246749 0 8.980993e+06
3383.79883724 2804.16694015 0 8.980993e+06
3383.79883724 2804.16694015 0 8.980993e+06
3383.90896083 2774.78736591 0 8.980993e+06
3383.90896083 2774.78736591 0 8.980993e+06
3384.0190996 2745.40374394 0 8.980993e+06
3384.0190996 2745.40374394 0 8.980993e+06
3384.13003604 2716.0151136 0 8.980993e+06
3384.13003604 2716.0151136 0 8.980993e+06
3358.7082012 3241.90291452 0 8.980993e+06
3358.7082012 3241.90291452 0 8.980993e+06
3358.81498828 3212.98893762 0 8.980993e+06
3358.81498828 3212.98893762 0 8.980993e+06
3358.92178986 3184.07103624 0 8.980993e+06
3358.92178986 3184.07103624 0 8.980993e+06
3359.02860504 3155.14842648 0 8.980993e+06
3359.02860504 3155.14842648 0 8.980993e+06
3359.13543561 3126.2226737 0 8.980993e+06
3359.13543561 3126.2226737 0 8.980993e+06
3359.24228069 3097.29299403 0 8.980993e+06
3359.24228069 3097.29299403 0 8.980993e+06
3359.34914027 3068.35938669 0 8.980993e+06
3359.34914027 3068.35938669 0 8.980993e+06
3359.45601437 3039.42185088 0 8.980993e+06
3359.45601437 3039.42185088 0 8.980993e+06
3359.56366386 3010.48035693 0 8.980993e+06
3359.56366386 3010.48035693 0 8.980993e+06
3359.67056708 2981.53494859 0 8.980993e+06
3359.67056708 2981.53494859 0 8.980993e+06
3359.77748482 2952.58560937 0 8.980993e+06
3359.77748482 2952.58560937 0 8.980993e+06
3359.88441707 2923.63233847 0 8.980993e+06
3359.88441707 2923.63233847 0 8.980993e+06
3359.99136386 2894.67513508 0 8.980993e+06
3359.99136386 2894.67513508 0 8.980993e+06
3360.09832427 2865.7132149 0 8.980993e+06
3360.09832427 2865.7132149 0 8.980993e+06
3360.20530011 2836.7481441 0 8.980993e+06
3360.20530011 2836.7481441 0 8.980993e+06
3360.31229048 2807.77913841 0 8.980993e+06
3360.31229048 2807.77913841 0 8.980993e+06
3360.41929538 2778.80619703 0 8.980993e+06
3360.41929538 2778.80619703 0 8.980993e+06
3360.52631483 2749.82931915 0 8.980993e+06
3360.52631483 2749.82931915 0 8.980993e+06
3360.63411071 2720.84834336 0 8.980993e+06
3360.63411071 2720.84834336 0 8.980993e+06
3335.9073017 3239.49636183 0 8.980993e+06
3335.9073017 3239.49636183 0 8.980993e+06
3336.0111071 3210.97631806 0 8.980993e+06
3336.0111071 3210.97631806 0 8.980993e+06
3336.1149264 3182.45245605 0 8.980993e+06
3336.1149264 3182.45245605 0 8.980993e+06
3336.21875961 3153.92477502 0 8.980993e+06
3336.21875961 3153.92477502 0 8.980993e+06
3336.32260671 3125.39327421 0 8.980993e+06
3336.32260671 3125.39327421 0 8.980993e+06
3336.42646772 3096.85795285 0 8.980993e+06
3336.42646772 3096.85795285 0 8.980993e+06
3336.53034264 3068.31881018 0 8.980993e+06
3336.53034264 3068.31881018 0 8.980993e+06
3336.63423059 3039.77507285 0 8.980993e+06
3336.63423059 3039.77507285 0 8.980993e+06
3336.73887362 3011.22825708 0 8.980993e+06
3336.73887362 3011.22825708 0 8.980993e+06
3336.84279038 2982.67763301 0 8.980993e+06
3336.84279038 2982.67763301 0 8.980993e+06
3336.94672105 2954.12318455 0 8.980993e+06
3336.94672105 2954.12318455 0 8.980993e+06
3337.05066565 2925.56491092 0 8.980993e+06
3337.05066565 2925.56491092 0 8.980993e+06
3337.15462418 2897.00281137 0 8.980993e+06
3337.15462418 2897.00281137 0 8.980993e+06
3337.25859663 2868.43688512 0 8.980993e+06
3337.25859663 2868.43688512 0 8.980993e+06
3337.36258301 2839.86713141 0 8.980993e+06
3337.36258301 2839.86713141 0 8.980993e+06
3337.46658333 2811.29354946 0 8.980993e+06
3337.46658333 2811.29354946 0 8.980993e+06
3337.57059759 2782.7161385 0 8.980993e+06
3337.57059759 2782.7161385 0 8.980993e+06
3337.67536605 2754.13398131 0 8.980993e+06
3337.67536605 2754.13398131 0 8.980993e+06
3337.77940828 2725.54889716 0 8.980993e+06
3337.77940828 2725.54889716 0 8.980993e+06
3911.11620618 3264.69030835 0 8.980993e+06
3911.11620618 3264.69030835 0 8.980993e+06
3870.66216992 3260.98280002 0 8.980993e+06
3870.66216992 3260.98280002 0 8.980993e+06
3831.65391901 3257.40778644 0 8.980993e+06
3831.65391901 3257.40778644 0 8.980993e+06
3794.01287642 3253.95808187 0 8.980993e+06
3794.01287642 3253.95808187 0 8.980993e+06
3757.66957498 3250.62731193 0 8.980993e+06
3757.66957498 3250.62731193 0 8.980993e+06
3722.55803916 3247.40943014 0 8.980993e+06
3722.55803916 3247.40943014 0 8.980993e+06
3688.61778826 3244.29888636 0 8.980993e+06
3688.61778826 3244.29888636 0 8.980993e+06
3655.78905144 3241.29021734 0 8.980993e+06
3655.78905144 3241.29021734 0 8.980993e+06
3624.01913434 3238.37858641 0 8.980993e+06
3624.01913434 3238.37858641 0 8.980993e+06
3593.25762615 3235.56027258 0 8.980993e+06
3593.25762615 3235.56027258 0 8.980993e+06
3563.45822727 3232.82921373 0 8.980993e+06
3563.45822727 3232.82921373 0 8.980993e+06
3534.57462692 3230.18209278 0 8.980993e+06
3534.57462692 3230.18209278 0 8.980993e+06
3506.56615424 3227.61517542 0 8.980993e+06
3506.56615424 3227.61517542 0 8.980993e+06
3479.39363027 3225.124871 0 8.980993e+06
3479.39363027 3225.124871 0 8.980993e+06
3453.02103463 3222.70787194 0 8.980993e+06
3453.02103463 3222.70787194 0 8.980993e+06
3427.41189688 3220.36084866 0 8.980993e+06
3427.41189688 3220.36084866 0 8.980993e+06
3402.53434433 3218.08087361 0 8.980993e+06
3402.53434433 3218.08087361 0 8.980993e+06
3378.35825291 3215.86517988 0 8.980993e+06
3378.35825291 3215.86517988 0 8.980993e+06
3354.85284291 3213.71095888 0 8.980993e+06
3354.85284291 3213.71095888 0 8.980993e+06
3911.44486798 3225.88322361 0 8.980993e+06
3911.44486798 3225.88322361 0 8.980993e+06
3870.97882877 3222.88072146 0 8.980993e+06
3870.97882877 3222.88072146 0 8.980993e+06
3831.95795542 3219.98544783 0 8.980993e+06
3831.95795542 3219.98544783 0 8.980993e+06
3794.30618916 3217.19175932 0 8.980993e+06
3794.30618916 3217.19175932 0 8.980993e+06
3757.95389096 3214.49448135 0 8.980993e+06
3757.95389096 3214.49448135 0 8.980993e+06
3722.83266085 3211.88951397 0 8.980993e+06
3722.83266085 3211.88951397 0 8.980993e+06
3688.8821001 3209.37043189 0 8.980993e+06
3688.8821001 3209.37043189 0 8.980993e+06
3656.04463787 3206.9339401 0 8.980993e+06
3656.04463787 3206.9339401 0 8.980993e+06
3624.26744405 3204.57611168 0 8.980993e+06
3624.26744405 3204.57611168 0 8.980993e+06
3593.49799205 3202.29306334 0 8.980993e+06
3593.49799205 3202.29306334 0 8.980993e+06
3563.69005741 3200.08135819 0 8.980993e+06
3563.69005741 3200.08135819 0 8.980993e+06
3534.79926368 3197.93770354 0 8.980993e+06
3534.79926368 3197.93770354 0 8.980993e+06
3506.78483086 3195.85906703 0 8.980993e+06
3506.78483086 3195.85906703 0 8.980993e+06
3479.60571964 3193.84241682 0 8.980993e+06
3479.60571964 3193.84241682 0 8.980993e+06
3453.22597252 3191.88507826 0 8.980993e+06
3453.22597252 3191.88507826 0 8.980993e+06
3427.61083544 3189.98447264 0 8.980993e+06
3427.61083544 3189.98447264 0 8.980993e+06
3402.72834758 3188.13903156 0 8.980993e+06
3402.72834758 3188.13903156 0 8.980993e+06
3378.54594964 3186.34472178 0 8.980993e+06
3378.54594964 3186.34472178 0 8.980993e+06
3355.0352682 3184.60025269 0 8.980993e+06
3355.0352682 3184.60025269 0 8.980993e+06
3911.77227418 3187.06428985 0 8.980993e+06
3911.77227418 3187.06428985 0 8.980993e+06
3871.29427694 3184.76825102 0 8.980993e+06
3871.29427694 3184.76825102 0 8.980993e+06
3832.26334215 3182.55327469 0 8.980993e+06
3832.26334215 3182.55327469 0 8.980993e+06
3794.60080371 3180.41596145 0 8.980993e+06
3794.60080371 3180.41596145 0 8.980993e+06
3758.23711378 3178.35235662 0 8.980993e+06
3758.23711378 3178.35235662 0 8.980993e+06
3723.1062222 3176.35871193 0 8.980993e+06
3723.1062222 3176.35871193 0 8.980993e+06
3689.14758044 3174.43158406 0 8.980993e+06
3689.14758044 3174.43158406 0 8.980993e+06
3656.30135361 3172.56759204 0 8.980993e+06
3656.30135361 3172.56759204 0 8.980993e+06
3624.51479011 3170.7637349 0 8.980993e+06
3624.51479011 3170.7637349 0 8.980993e+06
3593.73742474 3169.01714879 0 8.980993e+06
3593.73742474 3169.01714879 0 8.980993e+06
3563.92291155 3167.32519684 0 8.980993e+06
3563.92291155 3167.32519684 0 8.980993e+06
3535.02489226 3165.68526194 0 8.980993e+06
3535.02489226 3165.68526194 0 8.980993e+06
3507.00265556 3164.09588524 0 8.980993e+06
3507.00265556 3164.09588524 0 8.980993e+06
3479.81698154 3162.55311147 0 8.980993e+06
3479.81698154 3162.55311147 0 8.980993e+06
3453.43181529 3161.05575975 0 8.980993e+06
3453.43181529 3161.05575975 0 8.980993e+06
3427.81065213 3159.6017713 0 8.980993e+06
3427.81065213 3159.6017713 0 8.980993e+06
3402.92158876 3158.18932916 0 8.980993e+06
3402.92158876 3158.18932916 0 8.980993e+06
3378.73368861 3156.81667769 0 8.980993e+06
3378.73368861 3156.81667769 0 8.980993e+06
3355.21849631 3155.48219603 0 8.980993e+06
3355.21849631 3155.48219603 0 8.980993e+06
3912.10113666 3148.23471251 0 8.980993e+06
3912.10113666 3148.23471251 0 8.980993e+06
3871.61112419 3146.64347869 0 8.980993e+06
3871.61112419 3146.64347869 0 8.980993e+06
3832.56755623 3145.1090893 0 8.980993e+06
3832.56755623 3145.1090893 0 8.980993e+06
3794.89428485 3143.62855177 0 8.980993e+06
3794.89428485 3143.62855177 0 8.980993e+06
3758.52159017 3142.19911865 0 8.980993e+06
3758.52159017 3142.19911865 0 8.980993e+06
3723.38099492 3140.81811393 0 8.980993e+06
3723.38099492 3140.81811393 0 8.980993e+06
3689.4120352 3139.4831538 0 8.980993e+06
3689.4120352 3139.4831538 0 8.980993e+06
3656.55707594 3138.19197323 0 8.980993e+06
3656.55707594 3138.19197323 0 8.980993e+06
3624.76323087 3136.94340073 0 8.980993e+06
3624.76323087 3136.94340073 0 8.980993e+06
3593.97791663 3135.73354159 0 8.980993e+06
3593.97791663 3135.73354159 0 8.980993e+06
3564.15486135 3134.56149912 0 8.980993e+06
3564.15486135 3134.56149912 0 8.980993e+06
3535.24964319 3133.42552753 0 8.980993e+06
3535.24964319 3133.42552753 0 8.980993e+06
3507.2214406 3132.32401597 0 8.980993e+06
3507.2214406 3132.32401597 0 8.980993e+06
3480.0291745 3131.25536329 0 8.980993e+06
3480.0291745 3131.25536329 0 8.980993e+06
3453.63685181 3130.21814829 0 8.980993e+06
3453.63685181 3130.21814829 0 8.980993e+06
3428.00968505 3129.21100382 0 8.980993e+06
3428.00968505 3129.21100382 0 8.980993e+06
3403.11568175 3128.23266638 0 8.980993e+06
3403.11568175 3128.23266638 0 8.980993e+06
3378.92225491 3127.2818678 0 8.980993e+06
3378.92225491 3127.2818678 0 8.980993e+06
3355.40100361 3126.35748563 0 8.980993e+06
3355.40100361 3126.35748563 0 8.980993e+06
3912.42874132 3109.39227347 0 8.980993e+06
3912.42874132 3109.39227347 0 8.980993e+06
3871.92675863 3108.50731975 0 8.980993e+06
3871.92675863 3108.50731975 0 8.980993e+06
3832.87312003 3107.65400408 0 8.980993e+06
3832.87312003 3107.65400408 0 8.980993e+06
3795.18906719 3106.83062124 0 8.980993e+06
3795.18906719 3106.83062124 0 8.980993e+06
3758.80497281 3106.03661912 0 8.980993e+06
3758.80497281 3106.03661912 0 8.980993e+06
3723.65470932 3105.26858209 0 8.980993e+06
3723.65470932 3105.26858209 0 8.980993e+06
3689.6776616 3104.52617272 0 8.980993e+06
3689.6776616 3104.52617272 0 8.980993e+06
3656.81393062 3103.8080968 0 8.980993e+06
3656.81393062 3103.8080968 0 8.980993e+06
3625.0107075 3103.11319308 0 8.980993e+06
3625.0107075 3103.11319308 0 8.980993e+06
3594.21747371 3102.44035773 0 8.980993e+06
3594.21747371 3102.44035773 0 8.980993e+06
3564.38783457 3101.78857025 0 8.980993e+06
3564.38783457 3101.78857025 0 8.980993e+06
3535.47538537 3101.15683034 0 8.980993e+06
3535.47538537 3101.15683034 0 8.980993e+06
3507.43937227 3100.54424065 0 8.980993e+06
3507.43937227 3100.54424065 0 8.980993e+06
3480.24053857 3099.94994342 0 8.980993e+06
3480.24053857 3099.94994342 0 8.980993e+06
3453.84279265 3099.37314365 0 8.980993e+06
3453.84279265 3099.37314365 0 8.980993e+06
3428.20959651 3098.81387711 0 8.980993e+06
3428.20959651 3098.81387711 0 8.980993e+06
3403.30901423 3098.26978525 0 8.980993e+06
3403.30901423 3098.26978525 0 8.980993e+06
3379.11008134 3097.74102483 0 8.980993e+06
3379.11008134 3097.74102483 0 8.980993e+06
3355.5843159 3097.22696747 0 8.980993e+06
3355.5843159 3097.22696747 0 8.980993e+06
3912.75644658 3070.5391352 0 8.980993e+06
3912.75644658 3070.5391352 0 8.980993e+06
3872.24379593 3070.36086382 0 8.980993e+06
3872.24379593 3070.36086382 0 8.980993e+06
3833.17751337 3070.18896478 0 8.980993e+06
3833.17751337 3070.18896478 0 8.980993e+06
3795.48271826 3070.02310054 0 8.980993e+06
3795.48271826 3070.02310054 0 8.980993e+06
3759.08960975 3069.86295648 0 8.980993e+06
3759.08960975 3069.86295648 0 8.980993e+06
3723.92963448 3069.70824606 0 8.980993e+06
3723.92963448 3069.70824606 0 8.980993e+06
3689.94226065 3069.5586953 0 8.980993e+06
3689.94226065 3069.5586953 0 8.980993e+06
3657.06979018 3069.41405032 0 8.980993e+06
3657.06979018 3069.41405032 0 8.980993e+06
3625.25927825 3069.27407115 0 8.980993e+06
3625.25927825 3069.27407115 0 8.980993e+06
3594.4580894 3069.13854031 0 8.980993e+06
3594.4580894 3069.13854031 0 8.980993e+06
3564.61990189 3069.00724685 0 8.980993e+06
3564.61990189 3069.00724685 0 8.980993e+06
3535.70024948 3068.88086705 0 8.980993e+06
3535.70024948 3068.88086705 0 8.980993e+06
3507.65826686 3068.75745742 0 8.980993e+06
3507.65826686 3068.75745742 0 8.980993e+06
3480.45283621 3068.63773584 0 8.980993e+06
3480.45283621 3068.63773584 0 8.980993e+06
3454.04792886 3068.52153709 0 8.980993e+06
3454.04792886 3068.52153709 0 8.980993e+06
3428.40872384 3068.40870792 0 8.980993e+06
3428.40872384 3068.40870792 0 8.980993e+06
3403.50319797 3068.29910122 0 8.980993e+06
3403.50319797 3068.29910122 0 8.980993e+06
3379.29873456 3068.19258594 0 8.980993e+06
3379.29873456 3068.19258594 0 8.980993e+06
3355.76690618 3068.08903068 0 8.980993e+06
3355.76690618 3068.08903068 0 8.980993e+06
3913.08560645 3031.67316744 0 8.980993e+06
3913.08560645 3031.67316744 0 8.980993e+06
3454.25396884 3037.66166878 0 8.980993e+06
3454.25396884 3037.66166878 0 8.980993e+06
3428.60872917 3037.99632411 0 8.980993e+06
3428.60872917 3037.99632411 0 8.980993e+06
3403.69661992 3038.32141252 0 8.980993e+06
3403.69661992 3038.32141252 0 8.980993e+06
3379.48664667 3038.63733847 0 8.980993e+06
3379.48664667 3038.63733847 0 8.980993e+06
3355.9503018 3038.94525516 0 8.980993e+06
3355.9503018 3038.94525516 0 8.980993e+06
3913.41350893 2992.79544218 0 8.980993e+06
3913.41350893 2992.79544218 0 8.980993e+06
3454.45920381 3006.79522322 0 8.980993e+06
3454.45920381 3006.79522322 0 8.980993e+06
3428.80795196 3007.57756443 0 8.980993e+06
3428.80795196 3007.57756443 0 8.980993e+06
3403.89089542 3008.33750711 0 8.980993e+06
3403.89089542 3008.33750711 0 8.980993e+06
3379.6753878 3009.07605944 0 8.980993e+06
3379.6753878 3009.07605944 0 8.980993e+06
3356.1329751 3009.79408295 0 8.980993e+06
3356.1329751 3009.79408295 0 8.980993e+06
3913.74286994 2953.90692893 0 8.980993e+06
3913.74286994 2953.90692893 0 8.980993e+06
3454.6644871 2975.92052793 0 8.980993e+06
3454.6644871 2975.92052793 0 8.980993e+06
3429.0080522 2977.15073453 0 8.980993e+06
3429.0080522 2977.15073453 0 8.980993e+06
3404.08440784 2978.34581059 0 8.980993e+06
3404.08440784 2978.34581059 0 8.980993e+06
3379.86338657 2979.50719622 0 8.980993e+06
3379.86338657 2979.50719622 0 8.980993e+06
3356.31645322 2980.63625365 0 8.980993e+06
3356.31645322 2980.63625365 0 8.980993e+06
3914.07097132 2915.00564493 0 8.980993e+06
3914.07097132 2915.00564493 0 8.980993e+06
3454.87067582 2945.03835142 0 8.980993e+06
3454.87067582 2945.03835142 0 8.980993e+06
3429.20736857 2946.7167311 0 8.980993e+06
3429.20736857 2946.7167311 0 8.980993e+06
3404.27796544 2948.34711347 0 8.980993e+06
3404.27796544 2948.34711347 0 8.980993e+06
3380.05221382 2949.93147093 0 8.980993e+06
3380.05221382 2949.93147093 0 8.980993e+06
3356.49921051 2951.47262437 0 8.980993e+06
3356.49921051 2951.47262437 0 8.980993e+06
3914.40053062 2876.09246471 0 8.980993e+06
3914.40053062 2876.09246471 0 8.980993e+06
3455.07605898 2914.14963469 0 8.980993e+06
3455.07605898 2914.14963469 0 8.980993e+06
3429.40756475 2916.27626654 0 8.980993e+06
3429.40756475 2916.27626654 0 8.980993e+06
3404.47237719 2918.34215021 0 8.980993e+06
3404.47237719 2918.34215021 0 8.980993e+06
3380.24030023 2920.34978108 0 8.980993e+06
3380.24030023 2920.34978108 0 8.980993e+06
3356.68200837 2922.30158876 0 8.980993e+06
3356.68200837 2922.30158876 0 8.980993e+06
3914.72883261 2837.16865087 0 8.980993e+06
3914.72883261 2837.16865087 0 8.980993e+06
3455.28234702 2883.25256765 0 8.980993e+06
3455.28234702 2883.25256765 0 8.980993e+06
3429.60697574 2885.82783063 0 8.980993e+06
3429.60697574 2885.82783063 0 8.980993e+06
3404.66602535 2888.32943053 0 8.980993e+06
3404.66602535 2888.32943053 0 8.980993e+06
3380.42921459 2890.76039847 0 8.980993e+06
3380.42921459 2890.76039847 0 8.980993e+06
3356.8656116 2893.12384926 0 8.980993e+06
3356.8656116 2893.12384926 0 8.980993e+06
3915.0585919 2798.23183224 0 8.980993e+06
3915.0585919 2798.23183224 0 8.980993e+06
3455.48782813 2852.34815106 0 8.980993e+06
3455.48782813 2852.34815106 0 8.980993e+06
3429.80726599 2855.3720776 0 8.980993e+06
3429.80726599 2855.3720776 0 8.980993e+06
3404.86052713 2858.3096015 0 8.980993e+06
3404.86052713 2858.3096015 0 8.980993e+06
3380.61738778 2861.16507417 0 8.980993e+06
3380.61738778 2861.16507417 0 8.980993e+06
3357.04849353 2863.94034325 0 8.980993e+06
3357.04849353 2863.94034325 0 8.980993e+06
3915.38709164 2759.28336629 0 8.980993e+06
3915.38709164 2759.28336629 0 8.980993e+06
3455.69421655 2821.43701679 0 8.980993e+06
3455.69421655 2821.43701679 0 8.980993e+06
3430.00677263 2824.91002091 0 8.980993e+06
3430.00677263 2824.91002091 0 8.980993e+06
3405.05426688 2828.28365961 0 8.980993e+06
3405.05426688 2828.28365961 0 8.980993e+06
3380.8063893 2831.56202478 0 8.980993e+06
3380.8063893 2831.56202478 0 8.980993e+06
3357.2321803 2834.74931454 0 8.980993e+06
3357.2321803 2834.74931454 0 8.980993e+06
3915.71705262 2720.32393848 0 8.980993e+06
3915.71705262 2720.32393848 0 8.980993e+06
3455.89979668 2790.51772348 0 8.980993e+06
3455.89979668 2790.51772348 0 8.980993e+06
3430.20715799 2794.43979089 0 8.980993e+06
3430.20715799 2794.43979089 0 8.980993e+06
3405.24885969 2798.24976499 0 8.980993e+06
3405.24885969 2798.24976499 0 8.980993e+06
3380.99464841 2801.95225767 0 8.980993e+06
3380.99464841 2801.95225767 0 8.980993e+06
3357.41514455 2805.55175383 0 8.980993e+06
3357.41514455 2805.55175383 0 8.980993e+06
3916.04575181 2681.3518494 0 8.980993e+06
3916.04575181 2681.3518494 0 8.980993e+06
3456.10628356 2759.590843 0 8.980993e+06
3456.10628356 2759.590843 0 8.980993e+06
3430.40675842 2763.96245912 0 8.980993e+06
3430.40675842 2763.96245912 0 8.980993e+06
3405.44269014 2768.209781 0 8.980993e+06
3405.44269014 2768.209781 0 8.980993e+06
3381.18373809 2772.33633097 0 8.980993e+06
3381.18373809 2772.33633097 0 8.980993e+06
3357.59891582 2776.34821466 0 8.980993e+06
3357.59891582 2776.34821466 0 8.980993e+06
3916.37591163 2642.3676892 0 8.980993e+06
3916.37591163 2642.3676892 0 8.980993e+06
3456.31196377 2728.65749654 0 8.980993e+06
3456.31196377 2728.65749654 0 8.980993e+06
3430.60640713 2733.47872651 0 8.980993e+06
3430.60640713 2733.47872651 0 8.980993e+06
3405.63737406 2738.1618109 0 8.980993e+06
3405.63737406 2738.1618109 0 8.980993e+06
3381.3720841 2742.71291038 0 8.980993e+06
3381.3720841 2742.71291038 0 8.980993e+06
3357.78196335 2747.13737786 0 8.980993e+06
3357.78196335 2747.13737786 0 8.980993e+06
3916.70481197 2603.37300665 0 8.980993e+06
3916.70481197 2603.37300665 0 8.980993e+06
3876.0464324 2611.70830081 0 8.980993e+06
3876.0464324 2611.70830081 0 8.980993e+06
3836.84475351 2619.74495188 0 8.980993e+06
3836.84475351 2619.74495188 0 8.980993e+06
3799.02042427 2627.49924311 0 8.980993e+06
3799.02042427 2627.49924311 0 8.980993e+06
3762.50328799 2634.98554929 0 8.980993e+06
3762.50328799 2634.98554929 0 8.980993e+06
3727.22673167 2642.21752662 0 8.980993e+06
3727.22673167 2642.21752662 0 8.980993e+06
3693.129695 2649.2076857 0 8.980993e+06
3693.129695 2649.2076857 0 8.980993e+06
3660.15185983 2655.96840685 0 8.980993e+06
3660.15185983 2655.96840685 0 8.980993e+06
3628.24004313 2662.51058565 0 8.980993e+06
3628.24004313 2662.51058565 0 8.980993e+06
3597.34337913 2668.84555107 0 8.980993e+06
3597.34337913 2668.84555107 0 8.980993e+06
3567.41515272 2674.98105702 0 8.980993e+06
3567.41515272 2674.98105702 0 8.980993e+06
3538.40865717 2680.92760808 0 8.980993e+06
3538.40865717 2680.92760808 0 8.980993e+06
3510.28286762 2686.69360774 0 8.980993e+06
3510.28286762 2686.69360774 0 8.980993e+06
3482.99827342 2692.28715599 0 8.980993e+06
3482.99827342 2692.28715599 0 8.980993e+06
3456.51855019 2697.71569321 0 8.980993e+06
3456.51855019 2697.71569321 0 8.980993e+06
3430.80693518 2702.98676891 0 8.980993e+06
3430.80693518 2702.98676891 0 8.980993e+06
3405.83129432 2708.10696435 0 8.980993e+06
3405.83129432 2708.10696435 0 8.980993e+06
3381.56047349 2713.08266634 0 8.980993e+06
3381.56047349 2713.08266634 0 8.980993e+06
3357.96581737 2717.91974341 0 8.980993e+06
3357.96581737 2717.91974341 0 8.980993e+06
3917.03517233 2564.36514338 0 8.980993e+06
3917.03517233 2564.36514338 0 8.980993e+06
3876.36469791 2573.4126887 0 8.980993e+06
3876.36469791 2573.4126887 0 8.980993e+06
3837.15030498 2582.13631445 0 8.980993e+06
3837.15030498 2582.13631445 0 8.980993e+06
3799.3151729 2590.5531101 0 8.980993e+06
3799.3151729 2590.5531101 0 8.980993e+06
3762.78897165 2598.67871378 0 8.980993e+06
3762.78897165 2598.67871378 0 8.980993e+06
3727.50265195 2606.52946373 0 8.980993e+06
3727.50265195 2606.52946373 0 8.980993e+06
3693.39523585 2614.11697651 0 8.980993e+06
3693.39523585 2614.11697651 0 8.980993e+06
3660.40861515 2621.4551579 0 8.980993e+06
3660.40861515 2621.4551579 0 8.980993e+06
3628.48947 2628.55586238 0 8.980993e+06
3628.48947 2628.55586238 0 8.980993e+06
3597.58480923 2635.43089248 0 8.980993e+06
3597.58480923 2635.43089248 0 8.980993e+06
3567.64799325 2642.09061648 0 8.980993e+06
3567.64799325 2642.09061648 0 8.980993e+06
3538.63425785 2648.54499258 0 8.980993e+06
3538.63425785 2648.54499258 0 8.980993e+06
3510.50246827 2654.80316503 0 8.980993e+06
3510.50246827 2654.80316503 0 8.980993e+06
3483.21124557 2660.87435222 0 8.980993e+06
3483.21124557 2660.87435222 0 8.980993e+06
3456.72432857 2666.7666141 0 8.980993e+06
3456.72432857 2666.7666141 0 8.980993e+06
3431.00667777 2672.48774553 0 8.980993e+06
3431.00667777 2672.48774553 0 8.980993e+06
3406.02607035 2678.04571948 0 8.980993e+06
3406.02607035 2678.04571948 0 8.980993e+06
3381.74969403 2683.4462146 0 8.980993e+06
3381.74969403 2683.4462146 0 8.980993e+06
3358.14894914 2688.69640952 0 8.980993e+06
3358.14894914 2688.69640952 0 8.980993e+06
3844.07194867 2642.71316034 0 8.980993e+06
3844.07194867 2642.71316034 0 8.980993e+06
3844.09548048 2642.09766743 0 8.980993e+06
3844.09548048 2642.09766743 0 8.980993e+06
3844.11907989 2641.48040632 0 8.980993e+06
3844.11907989 2641.48040632 0 8.980993e+06
3844.14276034 2640.86102574 0 8.980993e+06
3844.14276034 2640.86102574 0 8.980993e+06
3844.16649587 2640.24020431 0 8.980993e+06
3844.16649587 2640.24020431 0 8.980993e+06
3811.07201465 2649.30640635 0 8.980993e+06
3811.07201465 2649.30640635 0 8.980993e+06
3811.04857759 2648.70964952 0 8.980993e+06
3811.04857759 2648.70964952 0 8.980993e+06
3811.02507423 2648.11120461 0 8.980993e+06
3811.02507423 2648.11120461 0 8.980993e+06
3811.0014912 2647.51073129 0 8.980993e+06
3811.0014912 2647.51073129 0 8.980993e+06
3810.97785437 2646.90888771 0 8.980993e+06
3810.97785437 2646.90888771 0 8.980993e+06
3779.06718179 2655.70083539 0 8.980993e+06
3779.06718179 2655.70083539 0 8.980993e+06
3778.9995767 2655.12197265 0 8.980993e+06
3778.9995767 2655.12197265 0 8.980993e+06
3778.93178325 2654.54149718 0 8.980993e+06
3778.93178325 2654.54149718 0 8.980993e+06
3778.86376293 2653.9590791 0 8.980993e+06
3778.86376293 2653.9590791 0 8.980993e+06
3778.79559031 2653.37535697 0 8.980993e+06
3778.79559031 2653.37535697 0 8.980993e+06
3748.01195328 2661.90553753 0 8.980993e+06
3748.01195328 2661.90553753 0 8.980993e+06
3747.9027938 2661.34377723 0 8.980993e+06
3747.9027938 2661.34377723 0 8.980993e+06
3747.79333472 2660.78047512 0 8.980993e+06
3747.79333472 2660.78047512 0 8.980993e+06
3747.68351388 2660.21531131 0 8.980993e+06
3747.68351388 2660.21531131 0 8.980993e+06
3747.57345172 2659.64890562 0 8.980993e+06
3747.57345172 2659.64890562 0 8.980993e+06
3717.86356231 2667.9290574 0 8.980993e+06
3717.86356231 2667.9290574 0 8.980993e+06
3717.71528964 2667.38365448 0 8.980993e+06
3717.71528964 2667.38365448 0 8.980993e+06
3717.56661599 2666.83677659 0 8.980993e+06
3717.56661599 2666.83677659 0 8.980993e+06
3717.41745698 2666.28811335 0 8.980993e+06
3717.41745698 2666.28811335 0 8.980993e+06
3717.26797624 2665.73826668 0 8.980993e+06
3717.26797624 2665.73826668 0 8.980993e+06
3688.58503888 2673.77878145 0 8.980993e+06
3688.58503888 2673.77878145 0 8.980993e+06
3688.39993923 2673.24903232 0 8.980993e+06
3688.39993923 2673.24903232 0 8.980993e+06
3688.21434623 2672.71787125 0 8.980993e+06
3688.21434623 2672.71787125 0 8.980993e+06
3688.02815461 2672.18499697 0 8.980993e+06
3688.02815461 2672.18499697 0 8.980993e+06
3687.84156871 2671.65099425 0 8.980993e+06
3687.84156871 2671.65099425 0 8.980993e+06
3660.13821245 2679.46233598 0 8.980993e+06
3660.13821245 2679.46233598 0 8.980993e+06
3659.91842445 2678.94757739 0 8.980993e+06
3659.91842445 2678.94757739 0 8.980993e+06
3659.69805899 2678.43146635 0 8.980993e+06
3659.69805899 2678.43146635 0 8.980993e+06
3659.47699116 2677.91371031 0 8.980993e+06
3659.47699116 2677.91371031 0 8.980993e+06
3659.25546361 2677.39487757 0 8.980993e+06
3659.25546361 2677.39487757 0 8.980993e+06
3632.48711176 2684.98690791 0 8.980993e+06
3632.48711176 2684.98690791 0 8.980993e+06
3632.23463769 2684.48651406 0 8.980993e+06
3632.23463769 2684.48651406 0 8.980993e+06
3631.98150959 2683.98482397 0 8.980993e+06
3631.98150959 2683.98482397 0 8.980993e+06
3631.72758406 2683.4815534 0 8.980993e+06
3631.72758406 2683.4815534 0 8.980993e+06
3631.47313991 2682.97725493 0 8.980993e+06
3631.47313991 2682.97725493 0 8.980993e+06
3605.60081197 2690.35867588 0 8.980993e+06
3605.60081197 2690.35867588 0 8.980993e+06
3605.31753134 2689.8720543 0 8.980993e+06
3605.31753134 2689.8720543 0 8.980993e+06
3605.03352704 2689.3841896 0 8.980993e+06
3605.03352704 2689.3841896 0 8.980993e+06
3604.74863826 2688.89480553 0 8.980993e+06
3604.74863826 2688.89480553 0 8.980993e+06
3604.46317788 2688.40443957 0 8.980993e+06
3604.46317788 2688.40443957 0 8.980993e+06
3579.44704159 2695.5840876 0 8.980993e+06
3579.44704159 2695.5840876 0 8.980993e+06
3579.13471651 2695.11067842 0 8.980993e+06
3579.13471651 2695.11067842 0 8.980993e+06
3578.82160446 2694.63607639 0 8.980993e+06
3578.82160446 2694.63607639 0 8.980993e+06
3578.50752825 2694.16001292 0 8.980993e+06
3578.50752825 2694.16001292 0 8.980993e+06
3578.19283288 2693.68301096 0 8.980993e+06
3578.19283288 2693.68301096 0 8.980993e+06
3553.99531787 2700.6692334 0 8.980993e+06
3553.99531787 2700.6692334 0 8.980993e+06
3553.65560164 2700.20850716 0 8.980993e+06
3553.65560164 2700.20850716 0 8.980993e+06
3553.31504097 2699.74663567 0 8.980993e+06
3553.31504097 2699.74663567 0 8.980993e+06
3552.97344321 2699.28335767 0 8.980993e+06
3552.97344321 2699.28335767 0 8.980993e+06
3552.63118369 2698.81918219 0 8.980993e+06
3552.63118369 2698.81918219 0 8.980993e+06
3529.21959359 2705.61931739 0 8.980993e+06
3529.21959359 2705.61931739 0 8.980993e+06
3528.85404144 2705.17077162 0 8.980993e+06
3528.85404144 2705.17077162 0 8.980993e+06
3528.48759271 2704.72112571 0 8.980993e+06
3528.48759271 2704.72112571 0 8.980993e+06
3528.1200402 2704.27012542 0 8.980993e+06
3528.1200402 2704.27012542 0 8.980993e+06
3527.75178786 2703.81826641 0 8.980993e+06
3527.75178786 2703.81826641 0 8.980993e+06
3505.09239091 2710.43982953 0 8.980993e+06
3505.09239091 2710.43982953 0 8.980993e+06
3504.70246387 2710.0029884 0 8.980993e+06
3504.70246387 2710.0029884 0 8.980993e+06
3504.311593 2709.56508987 0 8.980993e+06
3504.311593 2709.56508987 0 8.980993e+06
3503.91955742 2709.1258865 0 8.980993e+06
3503.91955742 2709.1258865 0 8.980993e+06
3503.52678805 2708.68586106 0 8.980993e+06
3503.52678805 2708.68586106 0 8.980993e+06
3481.58769962 2715.13596656 0 8.980993e+06
3481.58769962 2715.13596656 0 8.980993e+06
3481.17477118 2714.71037908 0 8.980993e+06
3481.17477118 2714.71037908 0 8.980993e+06
3480.76085619 2714.28377479 0 8.980993e+06
3480.76085619 2714.28377479 0 8.980993e+06
3480.34572083 2713.85591272 0 8.980993e+06
3480.34572083 2713.85591272 0 8.980993e+06
3479.92982152 2713.4272633 0 8.980993e+06
3479.92982152 2713.4272633 0 8.980993e+06
3458.6834417 2719.71213956 0 8.980993e+06
3458.6834417 2719.71213956 0 8.980993e+06
3458.24880636 2719.29737682 0 8.980993e+06
3458.24880636 2719.29737682 0 8.980993e+06
3457.81314587 2718.8816358 0 8.980993e+06
3457.81314587 2718.8816358 0 8.980993e+06
3457.37621425 2718.46468178 0 8.980993e+06
3457.37621425 2718.46468178 0 8.980993e+06
3456.93849199 2718.04697325 0 8.980993e+06
3456.93849199 2718.04697325 0 8.980993e+06
3436.35606768 2724.17305361 0 8.980993e+06
3436.35606768 2724.17305361 0 8.980993e+06
3435.90094376 2723.7687086 0 8.980993e+06
3435.90094376 2723.7687086 0 8.980993e+06
3435.44475991 2723.36342193 0 8.980993e+06
3435.44475991 2723.36342193 0 8.980993e+06
3434.98725868 2722.95696485 0 8.980993e+06
3434.98725868 2722.95696485 0 8.980993e+06
3434.52894326 2722.54978442 0 8.980993e+06
3434.52894326 2722.54978442 0 8.980993e+06
3436.36077391 2728.14096149 0 8.980993e+06
3436.36077391 2728.14096149 0 8.980993e+06
3435.90565448 2727.74123061 0 8.980993e+06
3435.90565448 2727.74123061 0 8.980993e+06
3435.44947513 2727.3405688 0 8.980993e+06
3435.44947513 2727.3405688 0 8.980993e+06
3434.99197841 2726.93874994 0 8.980993e+06
3434.99197841 2726.93874994 0 8.980993e+06
3434.5336675 2726.53621598 0 8.980993e+06
3434.5336675 2726.53621598 0 8.980993e+06
3436.36548016 2732.10888652 0 8.980993e+06
3436.36548016 2732.10888652 0 8.980993e+06
3435.91036522 2731.71376979 0 8.980993e+06
3435.91036522 2731.71376979 0 8.980993e+06
3435.45419037 2731.31773289 0 8.980993e+06
3435.45419037 2731.31773289 0 8.980993e+06
3434.99669815 2730.92055229 0 8.980993e+06
3434.99669815 2730.92055229 0 8.980993e+06
3434.53839176 2730.52266484 0 8.980993e+06
3434.53839176 2730.52266484 0 8.980993e+06
3436.37018741 2736.07764783 0 8.980993e+06
3436.37018741 2736.07764783 0 8.980993e+06
3435.91507695 2735.68714626 0 8.980993e+06
3435.91507695 2735.68714626 0 8.980993e+06
3435.4589066 2735.29573525 0 8.980993e+06
3435.4589066 2735.29573525 0 8.980993e+06
3435.0014189 2734.90319391 0 8.980993e+06
3435.0014189 2734.90319391 0 8.980993e+06
3434.54311702 2734.50995398 0 8.980993e+06
3434.54311702 2734.50995398 0 8.980993e+06
3436.3748937 2740.04560714 0 8.980993e+06
3436.3748937 2740.04560714 0 8.980993e+06
3435.91978774 2739.65971981 0 8.980993e+06
3435.91978774 2739.65971981 0 8.980993e+06
3435.46362188 2739.27293379 0 8.980993e+06
3435.46362188 2739.27293379 0 8.980993e+06
3435.00613869 2738.88503079 0 8.980993e+06
3435.00613869 2738.88503079 0 8.980993e+06
3434.54784132 2738.49643745 0 8.980993e+06
3434.54784132 2738.49643745 0 8.980993e+06
3436.37960001 2744.0135836 0 8.980993e+06
3436.37960001 2744.0135836 0 8.980993e+06
3435.92449854 2743.63231054 0 8.980993e+06
3435.92449854 2743.63231054 0 8.980993e+06
3435.46833718 2743.25014955 0 8.980993e+06
3435.46833718 2743.25014955 0 8.980993e+06
3435.01085849 2742.86688493 0 8.980993e+06
3435.01085849 2742.86688493 0 8.980993e+06
3434.55256565 2742.48293822 0 8.980993e+06
3434.55256565 2742.48293822 0 8.980993e+06
3436.38430732 2747.98239635 0 8.980993e+06
3436.38430732 2747.98239635 0 8.980993e+06
3435.92921034 2747.60573857 0 8.980993e+06
3435.92921034 2747.60573857 0 8.980993e+06
3435.47305348 2747.2282036 0 8.980993e+06
3435.47305348 2747.2282036 0 8.980993e+06
3435.0155793 2746.84957835 0 8.980993e+06
3435.0155793 2746.84957835 0 8.980993e+06
3434.55729097 2746.47027927 0 8.980993e+06
3434.55729097 2746.47027927 0 8.980993e+06
3436.38901367 2751.95040709 0 8.980993e+06
3436.38901367 2751.95040709 0 8.980993e+06
3435.93392118 2751.57836367 0 8.980993e+06
3435.93392118 2751.57836367 0 8.980993e+06
3435.47776882 2751.2054538 0 8.980993e+06
3435.47776882 2751.2054538 0 8.980993e+06
3435.02029915 2750.83146702 0 8.980993e+06
3435.02029915 2750.83146702 0 8.980993e+06
3434.56201533 2750.45681465 0 8.980993e+06
3434.56201533 2750.45681465 0 8.980993e+06
3436.39372005 2755.91843497 0 8.980993e+06
3436.39372005 2755.91843497 0 8.980993e+06
3435.93863204 2755.55100595 0 8.980993e+06
3435.93863204 2755.55100595 0 8.980993e+06
3435.48248418 2755.18272123 0 8.980993e+06
3435.48248418 2755.18272123 0 8.980993e+06
3435.02501902 2754.81337294 0 8.980993e+06
3435.02501902 2754.81337294 0 8.980993e+06
3434.56673972 2754.44336734 0 8.980993e+06
3434.56673972 2754.44336734 0 8.980993e+06
3436.39842741 2759.88729916 0 8.980993e+06
3436.39842741 2759.88729916 0 8.980993e+06
3435.9433439 2759.52448554 0 8.980993e+06
3435.9433439 2759.52448554 0 8.980993e+06
3435.48720054 2759.16082696 0 8.980993e+06
3435.48720054 2759.16082696 0 8.980993e+06
3435.02973988 2758.79611817 0 8.980993e+06
3435.02973988 2758.79611817 0 8.980993e+06
3434.5714651 2758.43076031 0 8.980993e+06
3434.5714651 2758.43076031 0 8.980993e+06
3436.40313383 2763.85536133 0 8.980993e+06
3436.40313383 2763.85536133 0 8.980993e+06
3435.9480548 2763.49716219 0 8.980993e+06
3435.9480548 2763.49716219 0 8.980993e+06
3435.49191594 2763.13812883 0 8.980993e+06
3435.49191594 2763.13812883 0 8.980993e+06
3435.0344598 2762.77805863 0 8.980993e+06
3435.0344598 2762.77805863 0 8.980993e+06
3434.57618952 2762.41734761 0 8.980993e+06
3434.57618952 2762.41734761 0 8.980993e+06
3436.40784123 2767.82425982 0 8.980993e+06
3436.40784123 2767.82425982 0 8.980993e+06
3435.9527667 2767.47067615 0 8.980993e+06
3435.9527667 2767.47067615 0 8.980993e+06
3435.49663234 2767.11626902 0 8.980993e+06
3435.49663234 2767.11626902 0 8.980993e+06
3435.0391807 2766.76083839 0 8.980993e+06
3435.0391807 2766.76083839 0 8.980993e+06
3434.58091494 2766.4047752 0 8.980993e+06
3434.58091494 2766.4047752 0 8.980993e+06
3436.41254769 2771.79235628 0 8.980993e+06
3436.41254769 2771.79235628 0 8.980993e+06
3435.95747765 2771.44338717 0 8.980993e+06
3435.95747765 2771.44338717 0 8.980993e+06
3435.50134778 2771.09360534 0 8.980993e+06
3435.50134778 2771.09360534 0 8.980993e+06
3435.04390065 2770.74281337 0 8.980993e+06
3435.04390065 2770.74281337 0 8.980993e+06
3434.58563941 2770.3913971 0 8.980993e+06
3434.58563941 2770.3913971 0 8.980993e+06
3436.41725417 2775.76046988 0 8.980993e+06
3436.41725417 2775.76046988 0 8.980993e+06
3435.96218861 2775.41611537 0 8.980993e+06
3435.96218861 2775.41611537 0 8.980993e+06
3435.50606324 2775.07095889 0 8.980993e+06
3435.50606324 2775.07095889 0 8.980993e+06
3435.04862063 2774.72480562 0 8.980993e+06
3435.04862063 2774.72480562 0 8.980993e+06
3434.5903639 2774.37803631 0 8.980993e+06
3434.5903639 2774.37803631 0 8.980993e+06
3436.42196163 2779.72941981 0 8.980993e+06
3436.42196163 2779.72941981 0 8.980993e+06
3435.96690057 2779.3896809 0 8.980993e+06
3435.96690057 2779.3896809 0 8.980993e+06
3435.5107797 2779.04915075 0 8.980993e+06
3435.5107797 2779.04915075 0 8.980993e+06
3435.0533416 2778.70763719 0 8.980993e+06
3435.0533416 2778.70763719 0 8.980993e+06
3434.59508938 2778.36551582 0 8.980993e+06
3434.59508938 2778.36551582 0 8.980993e+06
3436.42666815 2783.6975677 0 8.980993e+06
3436.42666815 2783.6975677 0 8.980993e+06
3435.97161158 2783.36244347 0 8.980993e+06
3435.97161158 2783.36244347 0 8.980993e+06
3435.51549521 2783.02653875 0 8.980993e+06
3435.51549521 2783.02653875 0 8.980993e+06
3435.05806161 2782.68966396 0 8.980993e+06
3435.05806161 2782.68966396 0 8.980993e+06
3434.59981391 2782.35218964 0 8.980993e+06
3434.59981391 2782.35218964 0 8.980993e+06
3436.43137469 2787.66573274 0 8.980993e+06
3436.43137469 2787.66573274 0 8.980993e+06
3435.9763226 2787.33522322 0 8.980993e+06
3435.9763226 2787.33522322 0 8.980993e+06
3435.52021073 2787.00394397 0 8.980993e+06
3435.52021073 2787.00394397 0 8.980993e+06
3435.06278164 2786.67170801 0 8.980993e+06
3435.06278164 2786.67170801 0 8.980993e+06
3434.60453846 2786.33888076 0 8.980993e+06
3434.60453846 2786.33888076 0 8.980993e+06
3436.43608221 2791.63473411 0 8.980993e+06
3436.43608221 2791.63473411 0 8.980993e+06
3435.98103462 2791.30884031 0 8.980993e+06
3435.98103462 2791.30884031 0 8.980993e+06
3435.52492725 2790.98218752 0 8.980993e+06
3435.52492725 2790.98218752 0 8.980993e+06
3435.06750267 2790.65459137 0 8.980993e+06
3435.06750267 2790.65459137 0 8.980993e+06
3434.609264 2790.3264122 0 8.980993e+06
3434.609264 2790.3264122 0 8.980993e+06
3436.44078879 2795.60293343 0 8.980993e+06
3436.44078879 2795.60293343 0 8.980993e+06
3435.98574569 2795.28165443 0 8.980993e+06
3435.98574569 2795.28165443 0 8.980993e+06
3435.52964282 2794.95962719 0 8.980993e+06
3435.52964282 2794.95962719 0 8.980993e+06
3435.07222275 2794.63666995 0 8.980993e+06
3435.07222275 2794.63666995 0 8.980993e+06
3434.61398859 2794.31313793 0 8.980993e+06
3434.61398859 2794.31313793 0 8.980993e+06
3436.44549539 2799.5711499 0 8.980993e+06
3436.44549539 2799.5711499 0 8.980993e+06
3435.99045678 2799.25448574 0 8.980993e+06
3435.99045678 2799.25448574 0 8.980993e+06
3435.5343584 2798.93708408 0 8.980993e+06
3435.5343584 2798.93708408 0 8.980993e+06
3435.07694284 2798.61876578 0 8.980993e+06
3435.07694284 2798.61876578 0 8.980993e+06
3434.6187132 2798.29988096 0 8.980993e+06
3434.6187132 2798.29988096 0 8.980993e+06
3436.45020298 2803.54020272 0 8.980993e+06
3436.45020298 2803.54020272 0 8.980993e+06
3435.99516886 2803.22815439 0 8.980993e+06
3435.99516886 2803.22815439 0 8.980993e+06
3435.53907498 2802.91537931 0 8.980993e+06
3435.53907498 2802.91537931 0 8.980993e+06
3435.08166393 2802.60170095 0 8.980993e+06
3435.08166393 2802.60170095 0 8.980993e+06
3434.62343881 2802.28746433 0 8.980993e+06
3434.62343881 2802.28746433 0 8.980993e+06
3436.45490962 2807.50845348 0 8.980993e+06
3436.45490962 2807.50845348 0 8.980993e+06
3435.99987999 2807.20102007 0 8.980993e+06
3435.99987999 2807.20102007 0 8.980993e+06
3435.54379061 2806.89287065 0 8.980993e+06
3435.54379061 2806.89287065 0 8.980993e+06
3435.08638407 2806.58383132 0 8.980993e+06
3435.08638407 2806.58383132 0 8.980993e+06
3434.62816346 2806.27424197 0 8.980993e+06
3434.62816346 2806.27424197 0 8.980993e+06
3436.45961725 2811.47754059 0 8.980993e+06
3436.45961725 2811.47754059 0 8.980993e+06
3436.00459211 2811.17472309 0 8.980993e+06
3436.00459211 2811.17472309 0 8.980993e+06
3435.54850723 2810.87120034 0 8.980993e+06
3435.54850723 2810.87120034 0 8.980993e+06
3435.0911052 2810.56680103 0 8.980993e+06
3435.0911052 2810.56680103 0 8.980993e+06
3434.63288911 2810.26185996 0 8.980993e+06
3434.63288911 2810.26185996 0 8.980993e+06
3436.46432393 2815.44582564 0 8.980993e+06
3436.46432393 2815.44582564 0 8.980993e+06
3436.00930328 2815.14762314 0 8.980993e+06
3436.00930328 2815.14762314 0 8.980993e+06
3435.5532229 2814.84872614 0 8.980993e+06
3435.5532229 2814.84872614 0 8.980993e+06
3435.09582538 2814.54896593 0 8.980993e+06
3435.09582538 2814.54896593 0 8.980993e+06
3434.6376138 2814.24867222 0 8.980993e+06
3434.6376138 2814.24867222 0 8.980993e+06
3436.46903063 2819.41412783 0 8.980993e+06
3436.46903063 2819.41412783 0 8.980993e+06
3436.01401447 2819.12054037 0 8.980993e+06
3436.01401447 2819.12054037 0 8.980993e+06
3435.55793859 2818.82626915 0 8.980993e+06
3435.55793859 2818.82626915 0 8.980993e+06
3435.10054558 2818.53114809 0 8.980993e+06
3435.10054558 2818.53114809 0 8.980993e+06
3434.64233851 2818.23550178 0 8.980993e+06
3434.64233851 2818.23550178 0 8.980993e+06
3436.47373832 2823.3832664 0 8.980993e+06
3436.47373832 2823.3832664 0 8.980993e+06
3436.01872665 2823.09429497 0 8.980993e+06
3436.01872665 2823.09429497 0 8.980993e+06
3435.56265527 2822.80465053 0 8.980993e+06
3435.56265527 2822.80465053 0 8.980993e+06
3435.10526677 2822.5141696 0 8.980993e+06
3435.10526677 2822.5141696 0 8.980993e+06
3434.64706422 2822.22317169 0 8.980993e+06
3434.64706422 2822.22317169 0 8.980993e+06
3436.47844506 2827.35160288 0 8.980993e+06
3436.47844506 2827.35160288 0 8.980993e+06
3436.02343788 2827.06724657 0 8.980993e+06
3436.02343788 2827.06724657 0 8.980993e+06
3435.567371 2826.782228 0 8.980993e+06
3435.567371 2826.782228 0 8.980993e+06
3435.10998701 2826.4963863 0 8.980993e+06
3435.10998701 2826.4963863 0 8.980993e+06
3434.65178898 2826.21003586 0 8.980993e+06
3434.65178898 2826.21003586 0 8.980993e+06
3436.48315182 2831.31995651 0 8.980993e+06
3436.48315182 2831.31995651 0 8.980993e+06
3436.02814914 2831.04021536 0 8.980993e+06
3436.02814914 2831.04021536 0 8.980993e+06
3435.57208675 2830.75982269 0 8.980993e+06
3435.57208675 2830.75982269 0 8.980993e+06
3435.11470727 2830.47862025 0 8.980993e+06
3435.11470727 2830.47862025 0 8.980993e+06
3434.65651375 2830.19691734 0 8.980993e+06
3434.65651375 2830.19691734 0 8.980993e+06
3436.48785957 2835.28914652 0 8.980993e+06
3436.48785957 2835.28914652 0 8.980993e+06
3436.03286138 2835.01402152 0 8.980993e+06
3436.03286138 2835.01402152 0 8.980993e+06
3435.5768035 2834.73825575 0 8.980993e+06
3435.5768035 2834.73825575 0 8.980993e+06
3435.11942852 2834.46169358 0 8.980993e+06
3435.11942852 2834.46169358 0 8.980993e+06
3434.66123952 2834.18463918 0 8.980993e+06
3434.66123952 2834.18463918 0 8.980993e+06
3436.49256637 2839.25753444 0 8.980993e+06
3436.49256637 2839.25753444 0 8.980993e+06
3436.03757267 2838.98702468 0 8.980993e+06
3436.03757267 2838.98702468 0 8.980993e+06
3435.58151929 2838.7158849 0 8.980993e+06
3435.58151929 2838.7158849 0 8.980993e+06
3435.12414882 2838.44396207 0 8.980993e+06
3435.12414882 2838.44396207 0 8.980993e+06
3434.66596434 2838.17155528 0 8.980993e+06
3434.66596434 2838.17155528 0 8.980993e+06
3436.49727319 2843.2259395 0 8.980993e+06
3436.49727319 2843.2259395 0 8.980993e+06
3436.04228398 2842.96004502 0 8.980993e+06
3436.04228398 2842.96004502 0 8.980993e+06
3435.5862351 2842.69353127 0 8.980993e+06
3435.5862351 2842.69353127 0 8.980993e+06
3435.12886914 2842.42624782 0 8.980993e+06
3435.12886914 2842.42624782 0 8.980993e+06
3434.67068917 2842.15848867 0 8.980993e+06
3434.67068917 2842.15848867 0 8.980993e+06
3436.50198101 2847.19518096 0 8.980993e+06
3436.50198101 2847.19518096 0 8.980993e+06
3436.04699629 2846.93390275 0 8.980993e+06
3436.04699629 2846.93390275 0 8.980993e+06
3435.5909519 2846.67201602 0 8.980993e+06
3435.5909519 2846.67201602 0 8.980993e+06
3435.13359046 2846.40937296 0 8.980993e+06
3435.13359046 2846.40937296 0 8.980993e+06
3434.67541501 2846.14626244 0 8.980993e+06
3434.67541501 2846.14626244 0 8.980993e+06
3436.50668787 2851.16362032 0 8.980993e+06
3436.50668787 2851.16362032 0 8.980993e+06
3436.05170764 2850.90695747 0 8.980993e+06
3436.05170764 2850.90695747 0 8.980993e+06
3435.59566775 2850.64969684 0 8.980993e+06
3435.59566775 2850.64969684 0 8.980993e+06
3435.13831082 2850.39169324 0 8.980993e+06
3435.13831082 2850.39169324 0 8.980993e+06
3434.68013988 2850.13323045 0 8.980993e+06
3434.68013988 2850.13323045 0 8.980993e+06
3436.51139572 2855.13289607 0 8.980993e+06
3436.51139572 2855.13289607 0 8.980993e+06
3436.05641999 2854.88084957 0 8.980993e+06
3436.05641999 2854.88084957 0 8.980993e+06
3435.6003846 2854.62821605 0 8.980993e+06
3435.6003846 2854.62821605 0 8.980993e+06
3435.14303218 2854.37485292 0 8.980993e+06
3435.14303218 2854.37485292 0 8.980993e+06
3434.68486576 2854.12103885 0 8.980993e+06
3434.68486576 2854.12103885 0 8.980993e+06
3436.51610263 2859.10136972 0 8.980993e+06
3436.51610263 2859.10136972 0 8.980993e+06
3436.06113138 2858.85393866 0 8.980993e+06
3436.06113138 2858.85393866 0 8.980993e+06
3435.60510049 2858.60593133 0 8.980993e+06
3435.60510049 2858.60593133 0 8.980993e+06
3435.14775258 2858.35720774 0 8.980993e+06
3435.14775258 2858.35720774 0 8.980993e+06
3434.68959067 2858.10804147 0 8.980993e+06
3434.68959067 2858.10804147 0 8.980993e+06
3436.52080955 2863.06986052 0 8.980993e+06
3436.52080955 2863.06986052 0 8.980993e+06
3436.0658428 2862.82704494 0 8.980993e+06
3436.0658428 2862.82704494 0 8.980993e+06
3435.60981641 2862.58366383 0 8.980993e+06
3435.60981641 2862.58366383 0 8.980993e+06
3435.152473 2862.33957983 0 8.980993e+06
3435.152473 2862.33957983 0 8.980993e+06
3434.69431561 2862.0950614 0 8.980993e+06
3434.69431561 2862.0950614 0 8.980993e+06
3436.52551746 2867.03918773 0 8.980993e+06
3436.52551746 2867.03918773 0 8.980993e+06
3436.0705552 2866.80098861 0 8.980993e+06
3436.0705552 2866.80098861 0 8.980993e+06
3435.61453331 2866.56223473 0 8.980993e+06
3435.61453331 2866.56223473 0 8.980993e+06
3435.15719442 2866.32279131 0 8.980993e+06
3435.15719442 2866.32279131 0 8.980993e+06
3434.69904155 2866.08292173 0 8.980993e+06
3434.69904155 2866.08292173 0 8.980993e+06
3436.53022443 2871.00771282 0 8.980993e+06
3436.53022443 2871.00771282 0 8.980993e+06
3436.07526666 2870.77412926 0 8.980993e+06
3436.07526666 2870.77412926 0 8.980993e+06
3435.61924927 2870.54000168 0 8.980993e+06
3435.61924927 2870.54000168 0 8.980993e+06
3435.16191488 2870.30519793 0 8.980993e+06
3435.16191488 2870.30519793 0 8.980993e+06
3434.70376653 2870.06997627 0 8.980993e+06
3434.70376653 2870.06997627 0 8.980993e+06
3436.53493141 2874.97625505 0 8.980993e+06
3436.53493141 2874.97625505 0 8.980993e+06
3436.07997813 2874.7472871 0 8.980993e+06
3436.07997813 2874.7472871 0 8.980993e+06
3435.62396524 2874.51778586 0 8.980993e+06
3435.62396524 2874.51778586 0 8.980993e+06
3435.16663537 2874.28762182 0 8.980993e+06
3435.16663537 2874.28762182 0 8.980993e+06
3434.70849153 2874.05704812 0 8.980993e+06
3434.70849153 2874.05704812 0 8.980993e+06
3436.53963939 2878.94563371 0 8.980993e+06
3436.53963939 2878.94563371 0 8.980993e+06
3436.0846906 2878.72128235 0 8.980993e+06
3436.0846906 2878.72128235 0 8.980993e+06
3435.62868221 2878.49640845 0 8.980993e+06
3435.62868221 2878.49640845 0 8.980993e+06
3435.17135685 2878.27088511 0 8.980993e+06
3435.17135685 2878.27088511 0 8.980993e+06
3434.71321752 2878.04496038 0 8.980993e+06
3434.71321752 2878.04496038 0 8.980993e+06
3436.54434641 2882.91421024 0 8.980993e+06
3436.54434641 2882.91421024 0 8.980993e+06
3436.08940212 2882.69447455 0 8.980993e+06
3436.08940212 2882.69447455 0 8.980993e+06
3435.63339823 2882.47422709 0 8.980993e+06
3435.63339823 2882.47422709 0 8.980993e+06
3435.17607737 2882.25334354 0 8.980993e+06
3435.17607737 2882.25334354 0 8.980993e+06
3434.71794256 2882.03206685 0 8.980993e+06
3434.71794256 2882.03206685 0 8.980993e+06
3436.54905346 2886.88280392 0 8.980993e+06
3436.54905346 2886.88280392 0 8.980993e+06
3436.09411365 2886.66768395 0 8.980993e+06
3436.09411365 2886.66768395 0 8.980993e+06
3435.63811426 2886.45206295 0 8.980993e+06
3435.63811426 2886.45206295 0 8.980993e+06
3435.18079792 2886.23581922 0 8.980993e+06
3435.18079792 2886.23581922 0 8.980993e+06
3434.72266763 2886.01919062 0 8.980993e+06
3434.72266763 2886.01919062 0 8.980993e+06
3436.5537615 2890.85223403 0 8.980993e+06
3436.5537615 2890.85223403 0 8.980993e+06
3436.09882618 2890.64173077 0 8.980993e+06
3436.09882618 2890.64173077 0 8.980993e+06
3435.64283129 2890.43073723 0 8.980993e+06
3435.64283129 2890.43073723 0 8.980993e+06
3435.18551946 2890.21913433 0 8.980993e+06
3435.18551946 2890.21913433 0 8.980993e+06
3434.72739368 2890.00715481 0 8.980993e+06
3434.72739368 2890.00715481 0 8.980993e+06
3436.55846858 2894.820862 0 8.980993e+06
3436.55846858 2894.820862 0 8.980993e+06
3436.10353776 2894.61497454 0 8.980993e+06
3436.10353776 2894.61497454 0 8.980993e+06
3435.64754737 2894.40860755 0 8.980993e+06
3435.64754737 2894.40860755 0 8.980993e+06
3435.19024005 2894.20164455 0 8.980993e+06
3435.19024005 2894.20164455 0 8.980993e+06
3434.73211879 2893.9943132 0 8.980993e+06
3434.73211879 2893.9943132 0 8.980993e+06
3436.56317666 2898.79032641 0 8.980993e+06
3436.56317666 2898.79032641 0 8.980993e+06
3436.10825033 2898.58905574 0 8.980993e+06
3436.10825033 2898.58905574 0 8.980993e+06
3435.65226444 2898.38731629 0 8.980993e+06
3435.65226444 2898.38731629 0 8.980993e+06
3435.19496163 2898.1849942 0 8.980993e+06
3435.19496163 2898.1849942 0 8.980993e+06
3434.73684488 2897.98231201 0 8.980993e+06
3434.73684488 2897.98231201 0 8.980993e+06
3436.56788379 2902.75898868 0 8.980993e+06
3436.56788379 2902.75898868 0 8.980993e+06
3436.11296195 2902.56233388 0 8.980993e+06
3436.11296195 2902.56233388 0 8.980993e+06
3435.65698056 2902.36522106 0 8.980993e+06
3435.65698056 2902.36522106 0 8.980993e+06
3435.19968226 2902.16753896 0 8.980993e+06
3435.19968226 2902.16753896 0 8.980993e+06
3434.74157003 2901.96950502 0 8.980993e+06
3434.74157003 2901.96950502 0 8.980993e+06
3436.57259093 2906.72766809 0 8.980993e+06
3436.57259093 2906.72766809 0 8.980993e+06
3436.11767359 2906.53562921 0 8.980993e+06
3436.11767359 2906.53562921 0 8.980993e+06
3435.66169669 2906.34314306 0 8.980993e+06
3435.66169669 2906.34314306 0 8.980993e+06
3435.20440291 2906.15010099 0 8.980993e+06
3435.20440291 2906.15010099 0 8.980993e+06
3434.74629519 2905.95671533 0 8.980993e+06
3434.74629519 2905.95671533 0 8.980993e+06
3436.57729907 2910.69718396 0 8.980993e+06
3436.57729907 2910.69718396 0 8.980993e+06
3436.12238622 2910.50976199 0 8.980993e+06
3436.12238622 2910.50976199 0 8.980993e+06
3435.66641383 2910.3219035 0 8.980993e+06
3435.66641383 2910.3219035 0 8.980993e+06
3435.20912455 2910.13350246 0 8.980993e+06
3435.20912455 2910.13350246 0 8.980993e+06
3434.75102135 2909.94476608 0 8.980993e+06
3434.75102135 2909.94476608 0 8.980993e+06
3436.58200626 2914.66589767 0 8.980993e+06
3436.58200626 2914.66589767 0 8.980993e+06
3436.1270979 2914.4830917 0 8.980993e+06
3436.1270979 2914.4830917 0 8.980993e+06
3435.67113 2914.29985995 0 8.980993e+06
3435.67113 2914.29985995 0 8.980993e+06
3435.21384524 2914.11609902 0 8.980993e+06
3435.21384524 2914.11609902 0 8.980993e+06
3434.75574656 2913.93201101 0 8.980993e+06
3434.75574656 2913.93201101 0 8.980993e+06
3436.58671347 2918.63462852 0 8.980993e+06
3436.58671347 2918.63462852 0 8.980993e+06
3436.1318096 2918.45643859 0 8.980993e+06
3436.1318096 2918.45643859 0 8.980993e+06
3435.6758462 2918.27783363 0 8.980993e+06
3435.6758462 2918.27783363 0 8.980993e+06
3435.21856595 2918.09871285 0 8.980993e+06
3435.21856595 2918.09871285 0 8.980993e+06
3434.76047178 2917.91927325 0 8.980993e+06
3434.76047178 2917.91927325 0 8.980993e+06
3436.59142167 2922.60419584 0 8.980993e+06
3436.59142167 2922.60419584 0 8.980993e+06
3436.13652229 2922.43062294 0 8.980993e+06
3436.13652229 2922.43062294 0 8.980993e+06
3435.6805634 2922.25664577 0 8.980993e+06
3435.6805634 2922.25664577 0 8.980993e+06
3435.22328765 2922.08216613 0 8.980993e+06
3435.22328765 2922.08216613 0 8.980993e+06
3434.76519801 2921.90737594 0 8.980993e+06
3434.76519801 2921.90737594 0 8.980993e+06
3436.59612892 2926.572961 0 8.980993e+06
3436.59612892 2926.572961 0 8.980993e+06
3436.14123403 2926.40400421 0 8.980993e+06
3436.14123403 2926.40400421 0 8.980993e+06
3435.68527964 2926.2346539 0 8.980993e+06
3435.68527964 2926.2346539 0 8.980993e+06
3435.2280084 2926.0648145 0 8.980993e+06
3435.2280084 2926.0648145 0 8.980993e+06
3434.76992327 2925.89467279 0 8.980993e+06
3434.76992327 2925.89467279 0 8.980993e+06
3436.60083716 2930.54256262 0 8.980993e+06
3436.60083716 2930.54256262 0 8.980993e+06
3436.14594676 2930.37822294 0 8.980993e+06
3436.14594676 2930.37822294 0 8.980993e+06
3435.68999687 2930.2135005 0 8.980993e+06
3435.68999687 2930.2135005 0 8.980993e+06
3435.23273015 2930.04830232 0 8.980993e+06
3435.23273015 2930.04830232 0 8.980993e+06
3434.77464954 2929.8828101 0 8.980993e+06
3434.77464954 2929.8828101 0 8.980993e+06
3436.60554445 2934.51136207 0 8.980993e+06
3436.60554445 2934.51136207 0 8.980993e+06
3436.15065854 2934.35163859 0 8.980993e+06
3436.15065854 2934.35163859 0 8.980993e+06
3435.69471315 2934.1915431 0 8.980993e+06
3435.69471315 2934.1915431 0 8.980993e+06
3435.23745094 2934.03098523 0 8.980993e+06
3435.23745094 2934.03098523 0 8.980993e+06
3434.77937484 2933.87014158 0 8.980993e+06
3434.77937484 2933.87014158 0 8.980993e+06
3436.61025175 2938.48017867 0 8.980993e+06
3436.61025175 2938.48017867 0 8.980993e+06
3436.15537034 2938.32507143 0 8.980993e+06
3436.15537034 2938.32507143 0 8.980993e+06
3435.69942945 2938.16960292 0 8.980993e+06
3435.69942945 2938.16960292 0 8.980993e+06
3435.24217175 2938.0136854 0 8.980993e+06
3435.24217175 2938.0136854 0 8.980993e+06
3434.78410017 2937.85749036 0 8.980993e+06
3434.78410017 2937.85749036 0 8.980993e+06
3436.61496006 2942.44983175 0 8.980993e+06
3436.61496006 2942.44983175 0 8.980993e+06
3436.16008314 2942.29934174 0 8.980993e+06
3436.16008314 2942.29934174 0 8.980993e+06
3435.70414675 2942.14850121 0 8.980993e+06
3435.70414675 2942.14850121 0 8.980993e+06
3435.24689356 2941.99722504 0 8.980993e+06
3435.24689356 2941.99722504 0 8.980993e+06
3434.7888265 2941.84567961 0 8.980993e+06
3434.7888265 2941.84567961 0 8.980993e+06
3436.61966741 2946.41868265 0 8.980993e+06
3436.61966741 2946.41868265 0 8.980993e+06
3436.16479498 2946.27280895 0 8.980993e+06
3436.16479498 2946.27280895 0 8.980993e+06
3435.70886309 2946.12659549 0 8.980993e+06
3435.70886309 2946.12659549 0 8.980993e+06
3435.25161441 2945.97995975 0 8.980993e+06
3435.25161441 2945.97995975 0 8.980993e+06
3434.79355186 2945.83306301 0 8.980993e+06
3434.79355186 2945.83306301 0 8.980993e+06
3436.62437478 2950.38755069 0 8.980993e+06
3436.62437478 2950.38755069 0 8.980993e+06
3436.16950684 2950.24629335 0 8.980993e+06
3436.16950684 2950.24629335 0 8.980993e+06
3435.71357945 2950.104707 0 8.980993e+06
3435.71357945 2950.104707 0 8.980993e+06
3435.25633528 2949.96271173 0 8.980993e+06
3435.25633528 2949.96271173 0 8.980993e+06
3434.79827725 2949.82046372 0 8.980993e+06
3434.79827725 2949.82046372 0 8.980993e+06
3436.62908314 2954.35725523 0 8.980993e+06
3436.62908314 2954.35725523 0 8.980993e+06
3436.1742197 2954.22061524 0 8.980993e+06
3436.1742197 2954.22061524 0 8.980993e+06
3435.71829681 2954.08365699 0 8.980993e+06
3435.71829681 2954.08365699 0 8.980993e+06
3435.26105715 2953.94630319 0 8.980993e+06
3435.26105715 2953.94630319 0 8.980993e+06
3434.80300364 2953.80870491 0 8.980993e+06
3434.80300364 2953.80870491 0 8.980993e+06
3436.63379055 2958.32615757 0 8.980993e+06
3436.63379055 2958.32615757 0 8.980993e+06
3436.1789316 2958.19413402 0 8.980993e+06
3436.1789316 2958.19413402 0 8.980993e+06
3435.72301321 2958.06180296 0 8.980993e+06
3435.72301321 2958.06180296 0 8.980993e+06
3435.26577807 2957.92908971 0 8.980993e+06
3435.26577807 2957.92908971 0 8.980993e+06
3434.80772907 2957.79614024 0 8.980993e+06
3434.80772907 2957.79614024 0 8.980993e+06
3436.63849798 2962.29507707 0 8.980993e+06
3436.63849798 2962.29507707 0 8.980993e+06
3436.18364353 2962.16766999 0 8.980993e+06
3436.18364353 2962.16766999 0 8.980993e+06
3435.72772964 2962.03996616 0 8.980993e+06
3435.72772964 2962.03996616 0 8.980993e+06
3435.270499 2961.9118935 0 8.980993e+06
3435.270499 2961.9118935 0 8.980993e+06
3434.81245452 2961.78359288 0 8.980993e+06
3434.81245452 2961.78359288 0 8.980993e+06
3436.64320641 2966.26483306 0 8.980993e+06
3436.64320641 2966.26483306 0 8.980993e+06
3436.18835644 2966.14204345 0 8.980993e+06
3436.18835644 2966.14204345 0 8.980993e+06
3435.73244706 2966.01896784 0 8.980993e+06
3435.73244706 2966.01896784 0 8.980993e+06
3435.27522093 2965.89553677 0 8.980993e+06
3435.27522093 2965.89553677 0 8.980993e+06
3434.81718097 2965.771886 0 8.980993e+06
3434.81718097 2965.771886 0 8.980993e+06
3436.64791388 2970.23378685 0 8.980993e+06
3436.64791388 2970.23378685 0 8.980993e+06
3436.19306841 2970.1156138 0 8.980993e+06
3436.19306841 2970.1156138 0 8.980993e+06
3435.73716352 2969.9971655 0 8.980993e+06
3435.73716352 2969.9971655 0 8.980993e+06
3435.27994191 2969.8783751 0 8.980993e+06
3435.27994191 2969.8783751 0 8.980993e+06
3434.82190646 2969.75937326 0 8.980993e+06
3434.82190646 2969.75937326 0 8.980993e+06
3436.65262234 2974.20357715 0 8.980993e+06
3436.65262234 2974.20357715 0 8.980993e+06
3436.19778136 2974.09002165 0 8.980993e+06
3436.19778136 2974.09002165 0 8.980993e+06
3435.74188098 2973.97620165 0 8.980993e+06
3435.74188098 2973.97620165 0 8.980993e+06
3435.28466388 2973.86205292 0 8.980993e+06
3435.28466388 2973.86205292 0 8.980993e+06
3434.82663295 2973.74770101 0 8.980993e+06
3434.82663295 2973.74770101 0 8.980993e+06
3436.65732986 2978.17256524 0 8.980993e+06
3436.65732986 2978.17256524 0 8.980993e+06
3436.20249337 2978.06362637 0 8.980993e+06
3436.20249337 2978.06362637 0 8.980993e+06
3435.74659748 2977.95443377 0 8.980993e+06
3435.74659748 2977.95443377 0 8.980993e+06
3435.2893849 2977.84492579 0 8.980993e+06
3435.2893849 2977.84492579 0 8.980993e+06
3434.83135848 2977.7352229 0 8.980993e+06
3434.83135848 2977.7352229 0 8.980993e+06
3436.66203739 2982.14157048 0 8.980993e+06
3436.66203739 2982.14157048 0 8.980993e+06
3436.2072054 2982.03724829 0 8.980993e+06
3436.2072054 2982.03724829 0 8.980993e+06
3435.75131401 2981.93268311 0 8.980993e+06
3435.75131401 2981.93268311 0 8.980993e+06
3435.29410593 2981.82781593 0 8.980993e+06
3435.29410593 2981.82781593 0 8.980993e+06
3434.83608404 2981.72276208 0 8.980993e+06
3434.83608404 2981.72276208 0 8.980993e+06
3436.66674592 2986.11141224 0 8.980993e+06
3436.66674592 2986.11141224 0 8.980993e+06
3436.21191841 2986.01170772 0 8.980993e+06
3436.21191841 2986.01170772 0 8.980993e+06
3435.75603153 2985.91177096 0 8.980993e+06
3435.75603153 2985.91177096 0 8.980993e+06
3435.29882796 2985.81154557 0 8.980993e+06
3435.29882796 2985.81154557 0 8.980993e+06
3434.84081059 2985.71114178 0 8.980993e+06
3434.84081059 2985.71114178 0 8.980993e+06
3436.67145349 2990.08045179 0 8.980993e+06
3436.67145349 2990.08045179 0 8.980993e+06
3436.21663048 2989.98536402 0 8.980993e+06
3436.21663048 2989.98536402 0 8.980993e+06
3435.7607481 2989.89005477 0 8.980993e+06
3435.7607481 2989.89005477 0 8.980993e+06
3435.30354904 2989.79447025 0 8.980993e+06
3435.30354904 2989.79447025 0 8.980993e+06
3434.84553618 2989.69871559 0 8.980993e+06
3434.84553618 2989.69871559 0 8.980993e+06
3436.67616108 2994.04950848 0 8.980993e+06
3436.67616108 2994.04950848 0 8.980993e+06
3436.22134257 2993.9590375 0 8.980993e+06
3436.22134257 2993.9590375 0 8.980993e+06
3435.76546468 2993.8683558 0 8.980993e+06
3435.76546468 2993.8683558 0 8.980993e+06
3435.30827014 2993.7774122 0 8.980993e+06
3435.30827014 2993.7774122 0 8.980993e+06
3434.8502618 2993.68630671 0 8.980993e+06
3434.8502618 2993.68630671 0 8.980993e+06
3436.68086967 2998.0194017 0 8.980993e+06
3436.68086967 2998.0194017 0 8.980993e+06
3436.22605565 2997.93354851 0 8.980993e+06
3436.22605565 2997.93354851 0 8.980993e+06
3435.77018227 2997.84749535 0 8.980993e+06
3435.77018227 2997.84749535 0 8.980993e+06
3435.31299224 2997.76119366 0 8.980993e+06
3435.31299224 2997.76119366 0 8.980993e+06
3434.85498841 2997.67473835 0 8.980993e+06
3434.85498841 2997.67473835 0 8.980993e+06
3436.6855773 3001.98849269 0 8.980993e+06
3436.6855773 3001.98849269 0 8.980993e+06
3436.23076777 3001.90725638 0 8.980993e+06
3436.23076777 3001.90725638 0 8.980993e+06
3435.77489889 3001.82583085 0 8.980993e+06
3435.77489889 3001.82583085 0 8.980993e+06
3435.31771337 3001.74417015 0 8.980993e+06
3435.31771337 3001.74417015 0 8.980993e+06
3434.85971407 3001.66236409 0 8.980993e+06
3434.85971407 3001.66236409 0 8.980993e+06
3436.69028496 3005.95760083 0 8.980993e+06
3436.69028496 3005.95760083 0 8.980993e+06
3436.23547992 3005.88098143 0 8.980993e+06
3436.23547992 3005.88098143 0 8.980993e+06
3435.77961554 3005.80418357 0 8.980993e+06
3435.77961554 3005.80418357 0 8.980993e+06
3435.32243453 3005.72716391 0 8.980993e+06
3435.32243453 3005.72716391 0 8.980993e+06
3434.86443974 3005.65000715 0 8.980993e+06
3434.86443974 3005.65000715 0 8.980993e+06
3436.69499361 3009.92754551 0 8.980993e+06
3436.69499361 3009.92754551 0 8.980993e+06
3436.24019306 3009.85554402 0 8.980993e+06
3436.24019306 3009.85554402 0 8.980993e+06
3435.78433319 3009.78337483 0 8.980993e+06
3435.78433319 3009.78337483 0 8.980993e+06
3435.32715669 3009.71099719 0 8.980993e+06
3435.32715669 3009.71099719 0 8.980993e+06
3434.86916642 3009.63849073 0 8.980993e+06
3434.86916642 3009.63849073 0 8.980993e+06
3436.6997013 3013.89668795 0 8.980993e+06
3436.6997013 3013.89668795 0 8.980993e+06
3436.24490525 3013.82930346 0 8.980993e+06
3436.24490525 3013.82930346 0 8.980993e+06
3435.78904988 3013.76176201 0 8.980993e+06
3435.78904988 3013.76176201 0 8.980993e+06
3435.33187789 3013.69402549 0 8.980993e+06
3435.33187789 3013.69402549 0 8.980993e+06
3434.87389214 3013.6261684 0 8.980993e+06
3434.87389214 3013.6261684 0 8.980993e+06
3436.70440999 3017.86666694 0 8.980993e+06
3436.70440999 3017.86666694 0 8.980993e+06
3436.24961843 3017.80390044 0 8.980993e+06
3436.24961843 3017.80390044 0 8.980993e+06
3435.79376756 3017.74098774 0 8.980993e+06
3435.79376756 3017.74098774 0 8.980993e+06
3435.33660009 3017.67789333 0 8.980993e+06
3435.33660009 3017.67789333 0 8.980993e+06
3434.87861885 3017.61468661 0 8.980993e+06
3434.87861885 3017.61468661 0 8.980993e+06
3436.70911773 3021.83584369 0 8.980993e+06
3436.70911773 3021.83584369 0 8.980993e+06
3436.25433066 3021.77769426 0 8.980993e+06
3436.25433066 3021.77769426 0 8.980993e+06
3435.79848429 3021.71940939 0 8.980993e+06
3435.79848429 3021.71940939 0 8.980993e+06
3435.34132133 3021.66095617 0 8.980993e+06
3435.34132133 3021.66095617 0 8.980993e+06
3434.88334461 3021.60239891 0 8.980993e+06
3434.88334461 3021.60239891 0 8.980993e+06
3436.71382549 3025.80503758 0 8.980993e+06
3436.71382549 3025.80503758 0 8.980993e+06
3436.25904291 3025.75150527 0 8.980993e+06
3436.25904291 3025.75150527 0 8.980993e+06
3435.80320104 3025.69784827 0 8.980993e+06
3435.80320104 3025.69784827 0 8.980993e+06
3435.34604259 3025.64403629 0 8.980993e+06
3435.34604259 3025.64403629 0 8.980993e+06
3434.88807039 3025.59012852 0 8.980993e+06
3434.88807039 3025.59012852 0 8.980993e+06
3436.71853423 3029.77506804 0 8.980993e+06
3436.71853423 3029.77506804 0 8.980993e+06
3436.26375616 3029.72615383 0 8.980993e+06
3436.26375616 3029.72615383 0 8.980993e+06
3435.80791878 3029.67712569 0 8.980993e+06
3435.80791878 3029.67712569 0 8.980993e+06
3435.35076485 3029.62795595 0 8.980993e+06
3435.35076485 3029.62795595 0 8.980993e+06
3434.89279716 3029.57869868 0 8.980993e+06
3434.89279716 3029.57869868 0 8.980993e+06
3436.72324203 3033.74429624 0 8.980993e+06
3436.72324203 3033.74429624 0 8.980993e+06
3436.26846845 3033.69999923 0 8.980993e+06
3436.26846845 3033.69999923 0 8.980993e+06
3435.81263558 3033.65559903 0 8.980993e+06
3435.81263558 3033.65559903 0 8.980993e+06
3435.35548615 3033.61107061 0 8.980993e+06
3435.35548615 3033.61107061 0 8.980993e+06
3434.89752298 3033.56646292 0 8.980993e+06
3434.89752298 3033.56646292 0 8.980993e+06
3436.72794985 3037.71354159 0 8.980993e+06
3436.72794985 3037.71354159 0 8.980993e+06
3436.27318076 3037.67386181 0 8.980993e+06
3436.27318076 3037.67386181 0 8.980993e+06
3435.81735239 3037.63408961 0 8.980993e+06
3435.81735239 3037.63408961 0 8.980993e+06
3435.36020748 3037.59420253 0 8.980993e+06
3435.36020748 3037.59420253 0 8.980993e+06
3434.90224883 3037.55424446 0 8.980993e+06
3434.90224883 3037.55424446 0 8.980993e+06
3436.73265866 3041.6836235 0 8.980993e+06
3436.73265866 3041.6836235 0 8.980993e+06
3436.27789406 3041.64856195 0 8.980993e+06
3436.27789406 3041.64856195 0 8.980993e+06
3435.82207019 3041.61341874 0 8.980993e+06
3435.82207019 3041.61341874 0 8.980993e+06
3435.36492979 3041.57817402 0 8.980993e+06
3435.36492979 3041.57817402 0 8.980993e+06
3434.90697566 3041.54286656 0 8.980993e+06
3434.90697566 3041.54286656 0 8.980993e+06
3436.73768044 3045.91757704 0 8.980993e+06
3436.73768044 3045.91757704 0 8.980993e+06
3436.28292064 3045.88744069 0 8.980993e+06
3436.28292064 3045.88744069 0 8.980993e+06
3435.82710157 3045.85723414 0 8.980993e+06
3435.82710157 3045.85723414 0 8.980993e+06
3435.36996598 3045.82694036 0 8.980993e+06
3435.36996598 3045.82694036 0 8.980993e+06
3434.91201667 3045.79659264 0 8.980993e+06
3434.91201667 3045.79659264 0 8.980993e+06
3436.74270225 3050.15155008 0 8.980993e+06
3436.74270225 3050.15155008 0 8.980993e+06
3436.28794723 3050.12633898 0 8.980993e+06
3436.28794723 3050.12633898 0 8.980993e+06
3435.83213297 3050.10106916 0 8.980993e+06
3435.83213297 3050.10106916 0 8.980993e+06
3435.37500219 3050.07572634 0 8.980993e+06
3435.37500219 3050.07572634 0 8.980993e+06
3434.9170577 3050.05033842 0 8.980993e+06
3434.9170577 3050.05033842 0 8.980993e+06
3436.74772505 3054.38636208 0 8.980993e+06
3436.74772505 3054.38636208 0 8.980993e+06
3436.29297483 3054.36607722 0 8.980993e+06
3436.29297483 3054.36607722 0 8.980993e+06
3435.83716536 3054.34574511 0 8.980993e+06
3435.83716536 3054.34574511 0 8.980993e+06
3435.3800394 3054.32535428 0 8.980993e+06
3435.3800394 3054.32535428 0 8.980993e+06
3434.92209973 3054.30492715 0 8.980993e+06
3434.92209973 3054.30492715 0 8.980993e+06
3436.7527469 3058.62037416 0 8.980993e+06
3436.7527469 3058.62037416 0 8.980993e+06
3436.29800147 3058.60501463 0 8.980993e+06
3436.29800147 3058.60501463 0 8.980993e+06
3435.84219681 3058.58961934 0 8.980993e+06
3435.84219681 3058.58961934 0 8.980993e+06
3435.38507566 3058.57417957 0 8.980993e+06
3435.38507566 3058.57417957 0 8.980993e+06
3434.92714081 3058.55871232 0 8.980993e+06
3434.92714081 3058.55871232 0 8.980993e+06
3436.75776877 3062.85440575 0 8.980993e+06
3436.75776877 3062.85440575 0 8.980993e+06
3436.30302814 3062.84397161 0 8.980993e+06
3436.30302814 3062.84397161 0 8.980993e+06
3435.84722828 3062.83351317 0 8.980993e+06
3435.84722828 3062.83351317 0 8.980993e+06
3435.39011194 3062.82302452 0 8.980993e+06
3435.39011194 3062.82302452 0 8.980993e+06
3434.93218191 3062.8125172 0 8.980993e+06
3434.93218191 3062.8125172 0 8.980993e+06
3459.094436 3062.71300474 0 8.980993e+06
3459.094436 3062.71300474 0 8.980993e+06
3458.66020362 3062.70227075 0 8.980993e+06
3458.66020362 3062.70227075 0 8.980993e+06
3458.22494685 3062.69151143 0 8.980993e+06
3458.22494685 3062.69151143 0 8.980993e+06
3457.78841994 3062.68072072 0 8.980993e+06
3457.78841994 3062.68072072 0 8.980993e+06
3457.35110292 3062.66991048 0 8.980993e+06
3457.35110292 3062.66991048 0 8.980993e+06
3482.00833639 3062.56794958 0 8.980993e+06
3482.00833639 3062.56794958 0 8.980993e+06
3481.59583175 3062.55690362 0 8.980993e+06
3481.59583175 3062.55690362 0 8.980993e+06
3481.18234137 3062.54583127 0 8.980993e+06
3481.18234137 3062.54583127 0 8.980993e+06
3480.76763169 3062.53472626 0 8.980993e+06
3480.76763169 3062.53472626 0 8.980993e+06
3480.35215866 3062.52360082 0 8.980993e+06
3480.35215866 3062.52360082 0 8.980993e+06
3505.52303785 3062.41909108 0 8.980993e+06
3505.52303785 3062.41909108 0 8.980993e+06
3505.13355668 3062.40772038 0 8.980993e+06
3505.13355668 3062.40772038 0 8.980993e+06
3504.74313257 3062.39632214 0 8.980993e+06
3504.74313257 3062.39632214 0 8.980993e+06
3504.3515449 3062.38488993 0 8.980993e+06
3504.3515449 3062.38488993 0 8.980993e+06
3503.9592241 3062.37343632 0 8.980993e+06
3503.9592241 3062.37343632 0 8.980993e+06
3529.66063691 3062.26628937 0 8.980993e+06
3529.66063691 3062.26628937 0 8.980993e+06
3529.29555403 3062.25458046 0 8.980993e+06
3529.29555403 3062.25458046 0 8.980993e+06
3528.92957553 3062.24284283 0 8.980993e+06
3528.92957553 3062.24284283 0 8.980993e+06
3528.5624945 3062.23106983 0 8.980993e+06
3528.5624945 3062.23106983 0 8.980993e+06
3528.19471435 3062.21927442 0 8.980993e+06
3528.19471435 3062.21927442 0 8.980993e+06
3554.44716467 3062.10937965 0 8.980993e+06
3554.44716467 3062.10937965 0 8.980993e+06
3554.10794253 3062.09731834 0 8.980993e+06
3554.10794253 3062.09731834 0 8.980993e+06
3553.76787699 3062.08522704 0 8.980993e+06
3553.76787699 3062.08522704 0 8.980993e+06
3553.42677571 3062.07309891 0 8.980993e+06
3553.42677571 3062.07309891 0 8.980993e+06
3553.08501346 3062.06094727 0 8.980993e+06
3553.08501346 3062.06094727 0 8.980993e+06
3579.91012135 3061.94818784 0 8.980993e+06
3579.91012135 3061.94818784 0 8.980993e+06
3579.59831669 3061.93575911 0 8.980993e+06
3579.59831669 3061.93575911 0 8.980993e+06
3579.28572622 3061.92329905 0 8.980993e+06
3579.28572622 3061.92329905 0 8.980993e+06
3578.97217303 3061.91080062 0 8.980993e+06
3578.97217303 3061.91080062 0 8.980993e+06
3578.65800156 3061.89827755 0 8.980993e+06
3578.65800156 3061.89827755 0 8.980993e+06
3606.07557672 3061.7825489 0 8.980993e+06
3606.07557672 3061.7825489 0 8.980993e+06
3605.7928445 3061.76973692 0 8.980993e+06
3605.7928445 3061.76973692 0 8.980993e+06
3605.50938987 3061.7568922 0 8.980993e+06
3605.50938987 3061.7568922 0 8.980993e+06
3605.22505232 3061.74400748 0 8.980993e+06
3605.22505232 3061.74400748 0 8.980993e+06
3604.94014413 3061.73109689 0 8.980993e+06
3604.94014413 3061.73109689 0 8.980993e+06
3632.97403904 3061.6122697 0 8.980993e+06
3632.97403904 3061.6122697 0 8.980993e+06
3632.72214313 3061.59905771 0 8.980993e+06
3632.72214313 3061.59905771 0 8.980993e+06
3632.46959457 3061.5858115 0 8.980993e+06
3632.46959457 3061.5858115 0 8.980993e+06
3632.21625026 3061.57252355 0 8.980993e+06
3632.21625026 3061.57252355 0 8.980993e+06
3631.96238837 3061.55920845 0 8.980993e+06
3631.96238837 3061.55920845 0 8.980993e+06
3660.63780713 3061.43714577 0 8.980993e+06
3660.63780713 3061.43714577 0 8.980993e+06
3660.41862895 3061.42351604 0 8.980993e+06
3660.41862895 3061.42351604 0 8.980993e+06
3660.19887479 3061.4098505 0 8.980993e+06
3660.19887479 3061.4098505 0 8.980993e+06
3659.97842008 3061.39614139 0 8.980993e+06
3659.97842008 3061.39614139 0 8.980993e+06
3659.75750681 3061.38240376 0 8.980993e+06
3659.75750681 3061.38240376 0 8.980993e+06
3689.09783364 3061.25698117 0 8.980993e+06
3689.09783364 3061.25698117 0 8.980993e+06
3688.9133775 3061.24291494 0 8.980993e+06
3688.9133775 3061.24291494 0 8.980993e+06
3688.72842963 3061.22881121 0 8.980993e+06
3688.72842963 3061.22881121 0 8.980993e+06
3688.54288512 3061.21466198 0 8.980993e+06
3688.54288512 3061.21466198 0 8.980993e+06
3688.35694758 3061.20048278 0 8.980993e+06
3688.35694758 3061.20048278 0 8.980993e+06
3718.39012116 3061.071548 0 8.980993e+06
3718.39012116 3061.071548 0 8.980993e+06
3718.24252791 3061.05702536 0 8.980993e+06
3718.24252791 3061.05702536 0 8.980993e+06
3718.09453543 3061.04246344 0 8.980993e+06
3718.09453543 3061.04246344 0 8.980993e+06
3717.94605973 3061.02785397 0 8.980993e+06
3717.94605973 3061.02785397 0 8.980993e+06
3717.79726369 3061.01321299 0 8.980993e+06
3717.79726369 3061.01321299 0 8.980993e+06
3748.55287394 3060.88060439 0 8.980993e+06
3748.55287394 3060.88060439 0 8.980993e+06
3748.44443217 3060.86560422 0 8.980993e+06
3748.44443217 3060.86560422 0 8.980993e+06
3748.3356927 3060.85056288 0 8.980993e+06
3748.3356927 3060.85056288 0 8.980993e+06
3748.22659378 3060.83547182 0 8.980993e+06
3748.22659378 3060.83547182 0 8.980993e+06
3748.11725507 3060.82034758 0 8.980993e+06
3748.11725507 3060.82034758 0 8.980993e+06
3779.62309652 3060.68391609 0 8.980993e+06
3779.62309652 3060.68391609 0 8.980993e+06
3779.55625 3060.66841601 0 8.980993e+06
3779.55625 3060.66841601 0 8.980993e+06
3779.4892172 3060.65287273 0 8.980993e+06
3779.4892172 3060.65287273 0 8.980993e+06
3779.42196002 3060.63727743 0 8.980993e+06
3779.42196002 3060.63727743 0 8.980993e+06
3779.35455221 3060.6216472 0 8.980993e+06
3779.35455221 3060.6216472 0 8.980993e+06
3811.6435946 3060.48121213 0 8.980993e+06
3811.6435946 3060.48121213 0 8.980993e+06
3811.62095975 3060.46518832 0 8.980993e+06
3811.62095975 3060.46518832 0 8.980993e+06
3811.59826087 3060.44911917 0 8.980993e+06
3811.59826087 3060.44911917 0 8.980993e+06
3811.57548503 3060.43299555 0 8.980993e+06
3811.57548503 3060.43299555 0 8.980993e+06
3811.55265721 3060.41683512 0 8.980993e+06
3811.55265721 3060.41683512 0 8.980993e+06
3844.65990695 3060.27220423 0 8.980993e+06
3844.65990695 3060.27220423 0 8.980993e+06
3844.68428764 3060.25563134 0 8.980993e+06
3844.68428764 3060.25563134 0 8.980993e+06
3844.70873839 3060.23901084 0 8.980993e+06
3844.70873839 3060.23901084 0 8.980993e+06
3844.73327311 3060.22233325 0 8.980993e+06
3844.73327311 3060.22233325 0 8.980993e+06
3844.75786493 3060.20561686 0 8.980993e+06
3844.75786493 3060.20561686 0 8.980993e+06
3844.62070142 3032.42902872 0 8.980993e+06
3844.62070142 3032.42902872 0 8.980993e+06
3844.64502549 3032.37251088 0 8.980993e+06
3844.64502549 3032.37251088 0 8.980993e+06
3844.66941946 3032.31583063 0 8.980993e+06
3844.66941946 3032.31583063 0 8.980993e+06
3844.69389721 3032.25895574 0 8.980993e+06
3844.69389721 3032.25895574 0 8.980993e+06
3844.71843191 3032.2019485 0 8.980993e+06
3844.71843191 3032.2019485 0 8.980993e+06
3844.58149707 3004.58669708 0 8.980993e+06
3844.58149707 3004.58669708 0 8.980993e+06
3844.60576453 3004.4902367 0 8.980993e+06
3844.60576453 3004.4902367 0 8.980993e+06
3844.63010173 3004.39349916 0 8.980993e+06
3844.63010173 3004.39349916 0 8.980993e+06
3844.6545225 3004.29642939 0 8.980993e+06
3844.6545225 3004.29642939 0 8.980993e+06
3844.6790001 3004.19913376 0 8.980993e+06
3844.6790001 3004.19913376 0 8.980993e+06
3844.54229391 2976.74520927 0 8.980993e+06
3844.54229391 2976.74520927 0 8.980993e+06
3844.56650477 2976.60880878 0 8.980993e+06
3844.56650477 2976.60880878 0 8.980993e+06
3844.59078519 2976.47201636 0 8.980993e+06
3844.59078519 2976.47201636 0 8.980993e+06
3844.61514899 2976.33475418 0 8.980993e+06
3844.61514899 2976.33475418 0 8.980993e+06
3844.63956948 2976.19717261 0 8.980993e+06
3844.63956948 2976.19717261 0 8.980993e+06
3844.50309194 2948.90456525 0 8.980993e+06
3844.50309194 2948.90456525 0 8.980993e+06
3844.52724619 2948.72822707 0 8.980993e+06
3844.52724619 2948.72822707 0 8.980993e+06
3844.55146984 2948.55138222 0 8.980993e+06
3844.55146984 2948.55138222 0 8.980993e+06
3844.57577668 2948.37393006 0 8.980993e+06
3844.57577668 2948.37393006 0 8.980993e+06
3844.60014007 2948.19606501 0 8.980993e+06
3844.60014007 2948.19606501 0 8.980993e+06
3844.46389116 2921.06476498 0 8.980993e+06
3844.46389116 2921.06476498 0 8.980993e+06
3844.48798881 2920.84849154 0 8.980993e+06
3844.48798881 2920.84849154 0 8.980993e+06
3844.51215569 2920.63159668 0 8.980993e+06
3844.51215569 2920.63159668 0 8.980993e+06
3844.53640557 2920.41395699 0 8.980993e+06
3844.53640557 2920.41395699 0 8.980993e+06
3844.56071186 2920.19581091 0 8.980993e+06
3844.56071186 2920.19581091 0 8.980993e+06
3844.42469157 2893.22580843 0 8.980993e+06
3844.42469157 2893.22580843 0 8.980993e+06
3844.44873261 2892.96960214 0 8.980993e+06
3844.44873261 2892.96960214 0 8.980993e+06
3844.47284273 2892.71265972 0 8.980993e+06
3844.47284273 2892.71265972 0 8.980993e+06
3844.49703565 2892.45483494 0 8.980993e+06
3844.49703565 2892.45483494 0 8.980993e+06
3844.52128486 2892.19641029 0 8.980993e+06
3844.52128486 2892.19641029 0 8.980993e+06
3844.38549316 2865.38769556 0 8.980993e+06
3844.38549316 2865.38769556 0 8.980993e+06
3844.40947761 2865.09155885 0 8.980993e+06
3844.40947761 2865.09155885 0 8.980993e+06
3844.43353097 2864.79457128 0 8.980993e+06
3844.43353097 2864.79457128 0 8.980993e+06
3844.45766694 2864.49656386 0 8.980993e+06
3844.45766694 2864.49656386 0 8.980993e+06
3844.48185905 2864.19786309 0 8.980993e+06
3844.48185905 2864.19786309 0 8.980993e+06
3844.34629594 2837.55042633 0 8.980993e+06
3844.34629594 2837.55042633 0 8.980993e+06
3844.3702238 2837.21436161 0 8.980993e+06
3844.3702238 2837.21436161 0 8.980993e+06
3844.39422041 2836.87733134 0 8.980993e+06
3844.39422041 2836.87733134 0 8.980993e+06
3844.41829942 2836.53914372 0 8.980993e+06
3844.41829942 2836.53914372 0 8.980993e+06
3844.44243445 2836.20016928 0 8.980993e+06
3844.44243445 2836.20016928 0 8.980993e+06
3844.30709991 2809.71400069 0 8.980993e+06
3844.30709991 2809.71400069 0 8.980993e+06
3844.33097118 2809.3380104 0 8.980993e+06
3844.33097118 2809.3380104 0 8.980993e+06
3844.35491104 2808.96093986 0 8.980993e+06
3844.35491104 2808.96093986 0 8.980993e+06
3844.3789331 2808.58257448 0 8.980993e+06
3844.3789331 2808.58257448 0 8.980993e+06
3844.40301105 2808.20332883 0 8.980993e+06
3844.40301105 2808.20332883 0 8.980993e+06
3844.26790507 2781.87841862 0 8.980993e+06
3844.26790507 2781.87841862 0 8.980993e+06
3844.29171976 2781.46250517 0 8.980993e+06
3844.29171976 2781.46250517 0 8.980993e+06
3844.31560286 2781.04539679 0 8.980993e+06
3844.31560286 2781.04539679 0 8.980993e+06
3844.33956798 2780.6268561 0 8.980993e+06
3844.33956798 2780.6268561 0 8.980993e+06
3844.36358885 2780.20734169 0 8.980993e+06
3844.36358885 2780.20734169 0 8.980993e+06
3844.22871142 2754.04368007 0 8.980993e+06
3844.22871142 2754.04368007 0 8.980993e+06
3844.25246952 2753.58784588 0 8.980993e+06
3844.25246952 2753.58784588 0 8.980993e+06
3844.27629588 2753.13070209 0 8.980993e+06
3844.27629588 2753.13070209 0 8.980993e+06
3844.30020405 2752.67198854 0 8.980993e+06
3844.30020405 2752.67198854 0 8.980993e+06
3844.32416785 2752.21220782 0 8.980993e+06
3844.32416785 2752.21220782 0 8.980993e+06
3844.18951895 2726.20978501 0 8.980993e+06
3844.18951895 2726.20978501 0 8.980993e+06
3844.21322047 2725.71403251 0 8.980993e+06
3844.21322047 2725.71403251 0 8.980993e+06
3844.23699009 2725.21685574 0 8.980993e+06
3844.23699009 2725.21685574 0 8.980993e+06
3844.26084133 2724.71797177 0 8.980993e+06
3844.26084133 2724.71797177 0 8.980993e+06
3844.28474805 2724.21792719 0 8.980993e+06
3844.28474805 2724.21792719 0 8.980993e+06
3844.15032767 2698.37673339 0 8.980993e+06
3844.15032767 2698.37673339 0 8.980993e+06
3844.17397262 2697.841065 0 8.980993e+06
3844.17397262 2697.841065 0 8.980993e+06
3844.1976855 2697.30385768 0 8.980993e+06
3844.1976855 2697.30385768 0 8.980993e+06
3844.2214798 2696.76480573 0 8.980993e+06
3844.2214798 2696.76480573 0 8.980993e+06
3844.24532946 2696.22449975 0 8.980993e+06
3844.24532946 2696.22449975 0 8.980993e+06
3844.11113758 2670.54452518 0 8.980993e+06
3844.11113758 2670.54452518 0 8.980993e+06
3844.13472596 2669.96894332 0 8.980993e+06
3844.13472596 2669.96894332 0 8.980993e+06
3844.1583821 2669.39170789 0 8.980993e+06
3844.1583821 2669.39170789 0 8.980993e+06
3844.18211947 2668.8124904 0 8.980993e+06
3844.18211947 2668.8124904 0 8.980993e+06
3844.20591206 2668.23192547 0 8.980993e+06
3844.20591206 2668.23192547 0 8.980993e+06